PT,Binding Energy,MaxEStateIndex,MinEStateIndex,MaxAbsEStateIndex,MinAbsEStateIndex,qed,MolWt,HeavyAtomMolWt,ExactMolWt,NumValenceElectrons,MaxPartialCharge,MinPartialCharge,MaxAbsPartialCharge,MinAbsPartialCharge,FpDensityMorgan1,FpDensityMorgan2,FpDensityMorgan3,BCUT2D_MWHI,BCUT2D_MWLOW,BCUT2D_CHGHI,BCUT2D_CHGLO,BCUT2D_LOGPHI,BCUT2D_LOGPLOW,BCUT2D_MRHI,BCUT2D_MRLOW,BalabanJ,BertzCT,Chi0,Chi0n,Chi0v,Chi1,Chi1n,Chi1v,Chi2n,Chi2v,Chi3n,Chi3v,Chi4n,Chi4v,HallKierAlpha,Ipc,Kappa1,Kappa2,Kappa3,LabuteASA,PEOE_VSA1,PEOE_VSA10,PEOE_VSA6,PEOE_VSA7,PEOE_VSA8,PEOE_VSA9,SMR_VSA1,SMR_VSA10,SMR_VSA5,SMR_VSA6,SMR_VSA7,SlogP_VSA2,SlogP_VSA3,SlogP_VSA5,SlogP_VSA6,TPSA,EState_VSA1,EState_VSA10,EState_VSA2,EState_VSA3,EState_VSA4,EState_VSA5,EState_VSA6,EState_VSA8,EState_VSA9,VSA_EState1,VSA_EState2,VSA_EState3,VSA_EState4,VSA_EState5,VSA_EState6,VSA_EState7,VSA_EState8,FractionCSP3,HeavyAtomCount,NHOHCount,NOCount,NumHAcceptors,NumHDonors,NumHeteroatoms,NumRotatableBonds,RingCount,MolLogP,MolMR,fr_Al_OH,fr_Al_OH_noTert,fr_C_O,fr_C_O_noCOO
3.866675098,-7.4004,11.67203704,-0.36,11.67203704,0.316574074,0.538462826,194.194,184.114,194.0803756,74,0.331703433,-0.327863466,0.331703433,0.327863466,1.142857143,1.785714286,2.428571429,16.16128232,10.48818799,2.110255216,-2.021517497,2.011819898,-2.369665406,5.691604589,0.705435605,3.221281081,616.528592,10.45566545,8.182701232,8.182701232,6.53658126,4.107927643,4.107927643,3.233448966,3.233448966,2.316512895,2.316512895,1.471179885,1.471179885,-1.85,1876.090171,8.735233269,2.567947901,0.875774163,79.02895702,4.567099648,0,0,0,21.14301595,6.327320075,0,11.16387794,0,0,27.16540474,18.68527746,21.14301595,0,15.91639444,61.82,0,9.589074368,11.24901029,11.16387794,4.567099648,17.94209171,18.66244361,4.983978521,0,4.039537037,27.15444822,0,0.180092593,0,0,1.519351852,0,0.375,14,0,6,6,0,6,0,2,-1.0293,51.196,0,0,0,0
3.042895771,-23.9971,10.34758472,-1.159189815,10.34758472,0.164640967,0.581936268,181.191,170.103,181.0738932,70,0.128541555,-0.543888674,0.543888674,0.128541555,1.461538462,2,2.461538462,16.36759532,10.07156368,2.071649502,-2.082585053,2.096899013,-2.687959341,5.69127695,-0.436502692,2.641763905,294.2330533,9.844934983,7.064675085,7.064675085,6.092224153,3.911947399,3.911947399,2.886530344,2.886530344,1.751775539,1.751775539,0.999881824,0.999881824,-1.55,758.7643883,9.537336245,3.909515506,2.757388143,75.61610976,20.74125945,11.79135266,12.13273414,17.69618563,6.420821623,5.969305288,20.74125945,5.969305288,12.46266245,0,29.82891977,17.11767351,11.21535881,5.563451492,24.26546827,88,12.01114612,9.901064579,5.749511833,6.420821623,5.563451492,12.13273414,12.13273414,5.733667477,5.106527395,0,10.34758472,19.30327035,4.252002551,-0.994548847,5.602987528,0.322037037,0,0.222222222,13,4,4,3,2,4,3,1,-1.7049,43.4939,0,0,1,1
2.990931724,-46.1656,10.57778282,-1.110850813,10.57778282,0.395185185,0.676720194,204.229,192.133,204.0898776,78,0.128621206,-0.543888667,0.543888667,0.128621206,1.466666667,2.2,2.933333333,16.36755355,10.06102594,2.110708096,-2.073878454,2.177037416,-2.687923122,5.834116611,-0.436457115,2.323487371,490.0485079,10.83649881,8.194811758,8.194811758,7.18154055,4.771673935,4.771673935,3.579580488,3.579580488,2.474565905,2.474565905,1.649289279,1.649289279,-1.81,3732.535612,9.733912005,3.744477633,1.84535989,86.71270096,20.61871058,6.041840829,18.19910121,11.62981856,23.52059013,5.969305288,15.63473206,16.87223022,12.46266245,0,36.02576334,16.99512464,11.21535881,5.563451492,30.46231185,83.56,12.01114612,9.901064579,0,6.420821623,16.46637642,0,0,10.717646,0,0,13.66910935,11.62630134,5.522782029,-1.110850813,7.07228773,2.22037037,0,0.181818182,15,4,4,2,2,4,3,2,-0.9292,53.6858,0,0,1,1
3.531209738,-13.0473,11.24430933,-0.452962963,11.24430933,0.148660242,0.673439499,195.194,184.106,195.0662824,76,0.337745993,-0.869965289,0.869965289,0.337745993,1.5,2.214285714,2.785714286,16.53260411,10.17710624,2.065737034,-2.122151676,2.233357725,-2.053039383,5.897020943,-0.269589033,2.940794971,332.8939251,10.55204176,8.072150751,8.072150751,6.68507051,4.208560659,4.208560659,2.586108568,2.586108568,1.674761402,1.674761402,1.008988689,1.008988689,-1.71,1396.743161,10.37136697,4.504872698,2.157161739,82.07401789,14.5802533,5.749511833,11.8158789,19.05647134,0,19.280131,19.37479049,5.969305288,6.9237372,13.71667951,23.7625527,19.68598479,4.736862954,17.28172588,18.19910121,58.59,5.969305288,9.901064579,11.49902367,12.17033346,0,25.30889875,6.9237372,0,9.473725908,9.564409722,11.24430933,11.10580743,0.3225,-0.553794879,4.077638889,0,2.025173769,0.3,14,0,4,4,0,4,3,1,0.9455,48.3965,0,0,1,1
3.36053941,-77.6921,11.10656557,-0.811987906,11.10656557,0.076712963,0.52694374,197.166,188.094,197.045547,76,0.337729427,-0.869861585,0.869861585,0.337729427,1.5,2.142857143,2.642857143,16.53233821,10.16118368,2.096512021,-2.111833185,2.33025118,-2.050725828,5.905029145,-0.269898686,3.060453483,335.2151008,10.71517847,7.480979382,7.480979382,6.55774931,3.960068485,3.960068485,2.562585095,2.562585095,1.56596456,1.56596456,0.92541832,0.92541832,-1.91,1178.316022,10.17271299,3.865714294,1.874415096,80.18399805,20.05644514,5.749511833,11.8158789,12.99010427,0,12.17033346,24.85098232,5.969305288,6.9237372,6.606881965,17.69618563,22.78924204,4.736862954,17.28172588,12.13273414,89.82,23.21784079,9.901064579,12.17033346,0,12.13273414,0,6.9237372,4.736862954,10.21305479,4.607220333,11.10656557,28.91964372,-0.076712963,-2.9105976,1.890648148,0,1.796566122,0.222222222,14,2,5,5,2,5,2,1,0.3481,45.1741,0,0,1,1
4.452028492,-20.5333,10.67761291,0.435324074,10.67761291,0.435324074,0.68478218,196.202,184.106,196.0735589,76,0.16395509,-0.495863523,0.495863523,0.16395509,0.928571429,1.428571429,1.857142857,16.51037595,10.16563668,2.099123181,-2.102542898,2.329963769,-1.955135762,5.808471086,0.111534306,3.271451643,333.1390376,10.55204176,8.365043969,8.365043969,6.761080115,4.01619524,4.01619524,2.566992812,2.566992812,1.862860646,1.862860646,1.144932363,1.144932363,-1.71,1559.969829,10.37136697,4.504872698,1.787420217,82.39332937,14.21058886,5.749511833,0,6.066367068,6.066367068,26.89284412,19.00512605,6.286160523,0,21.32939262,17.69618563,27.61555315,0,10.35798868,12.13273414,44.76,0,4.794537184,0,29.09814751,0,21.32939262,12.13273414,0,14.21058886,15.10743481,10.67761291,0,0.435324074,1.516666667,3.187731481,0.70912037,0,0.3,14,0,4,4,0,4,4,1,1.5249,51.4855,0,0,1,1
7.214940793,-13.4173,11.38236541,-0.953696331,11.38236541,0.103101852,0.247608776,358.563,316.227,358.3083098,150,0.305374101,-0.462823382,0.462823382,0.305374101,0.76,1.16,1.56,16.54214004,10.0381854,2.067251647,-2.078379245,2.133391652,-2.212960262,5.687464216,-0.146964706,3.124618449,281.0696145,18.58972938,16.5161961,16.5161961,12.20190726,10.64850683,10.64850683,7.219157862,7.219157862,4.631911035,4.631911035,2.954670943,2.954670943,-0.61,260449.3252,24.39,19.71127915,19.56101325,154.9016281,14.94991774,12.71084835,96.81523992,6.420821623,6.420821623,6.606881965,19.74445493,5.969305288,115.7608496,13.21376393,0,35.50009039,9.531400138,109.6568832,0,66.76,6.103966388,4.794537184,19.18306922,6.420821623,12.84164325,83.4706811,0,6.9237372,14.94991774,4.864876631,11.38236541,17.70670373,0,-0.275746202,0,19.02881761,1.792982824,0.952380952,25,2,4,4,2,4,19,0,5.1443,103.5976,2,2,1,1
4.591336126,-94.7721,9.740857899,-1.426284958,9.740857899,0.4600274,0.545699248,256.254,240.126,256.0946882,100,0.228720535,-0.461987156,0.461987156,0.228720535,1,1.666666667,2.277777778,16.70526801,9.992725651,2.441310864,-2.390387524,2.233594838,-2.595663676,5.209084915,-0.277056771,2.076535233,368.0902017,13.12095586,9.585960436,9.585960436,8.630228955,5.654320588,5.654320588,4.128180332,4.128180332,2.843891335,2.843891335,1.797916033,1.797916033,-1.18,13398.94151,13.25633744,5.6402627,2.627768706,104.0192501,29.89983549,30.16537738,18.19910121,12.13273414,0,6.606881965,29.89983549,0,30.70589228,6.606881965,30.33183534,57.73888382,4.736862954,0,30.33183534,99.38,37.31277424,15.31958218,0,5.749511833,0,0,30.33183534,0,14.5802533,10.5661678,0,37.92313901,0,0.4600274,8.640599595,-6.283977807,-0.472622669,0.5,18,4,6,6,4,6,3,2,-1.1347,60.8372,4,4,0,0
4.838302658,-55.6998,13.65320547,-1.395275416,13.65320547,0.071226222,0.240763512,413.578,376.282,413.2697332,166,0.179635729,-0.871610192,0.871610192,0.179635729,0.9,1.366666667,1.766666667,16.27441433,9.63913714,2.494313788,-2.390231786,2.436538939,-2.467243935,6.244891357,-0.29911254,3.855091182,812.2593762,23.22325016,19.80978667,19.80978667,13.82881669,10.6539119,10.6539119,9.424493259,9.424493259,5.193747288,5.193747288,3.441619226,3.441619226,-2.36,1358178.026,25.67617945,10.60383262,6.070326263,181.3204693,10.21305479,11.17415534,54.55401318,72.29589864,11.99392615,0,19.80212916,11.56648989,81.07318409,0,57.61191271,16.67301729,9.589074368,81.07318409,57.61191271,77.43,22.74064523,19.80212916,48.50656647,0,16.71931359,0,0,0,0,0,27.27875929,23.90996772,1.456600923,-1.716415501,0,6.376863426,15.27755748,0.538461538,30,1,4,4,1,4,8,1,5.6661,120.7268,1,1,2,2
4.739523142,-173.23,10.85601805,-0.649302721,10.85601805,0.228194444,0.616550342,181.167,172.095,181.0506323,70,0.28366513,-0.869823468,0.869823468,0.28366513,1.615384615,2.307692308,2.846153846,16.59144794,10.09064985,2.067577437,-2.128584606,2.126564795,-2.157992635,6.032676524,-0.297068419,2.90642505,309.5763913,9.844934983,7.111116056,7.111116056,6.147065708,3.819795021,3.819795021,2.399679508,2.399679508,1.471720671,1.471720671,0.861154237,0.861154237,-1.71,795.6618715,9.378573959,3.798672318,2.113961263,75.44768253,14.94991774,0,11.83518498,19.07577741,0,12.17998649,19.74445493,5.783244946,6.9237372,6.606881965,35.50555494,17.49665431,9.531400138,6.9237372,35.50555494,69.59,11.54240982,15.00759197,11.51832974,6.606881965,12.15204021,6.076020107,6.9237372,0,4.736862954,4.754034392,10.70746559,20.0453784,0.228194444,-1.572776361,0,3.495,2.009370197,0.222222222,13,1,4,4,1,4,2,1,0.1756,43.5108,1,1,1,1
4.681498416,-56.9142,11.61981859,-0.281108277,11.61981859,0.121290627,0.710751511,208.213,196.117,208.0735589,80,0.288336433,-0.496609861,0.496609861,0.288336433,1.533333333,2.266666667,2.933333333,16.6011725,9.907697812,2.299948218,-2.254420172,2.318664212,-2.229691039,6.089992614,-0.111963358,2.459458918,400.8109842,10.99963552,8.611116056,8.611116056,7.113392203,4.723782273,4.723782273,3.597402442,3.597402442,2.427109974,2.427109974,1.767608501,1.767608501,-1.71,2520.341034,9.830243805,3.456117061,1.625985759,87.49104708,14.5802533,17.43623579,0,18.57286184,12.49684173,7.109797541,19.37479049,5.783244946,19.44852521,7.109797541,35.00263936,24.10353627,14.26826309,13.34455882,35.00263936,55.76,0,9.901064579,23.40554108,12.17998649,5.57310453,13.18581765,6.076020107,0,9.473725908,10.09821452,11.61981859,9.529816704,1.031944444,-0.036293462,0,3.579311224,1.836421013,0.363636364,15,1,4,4,1,4,1,2,1.6042,53.0008,1,1,1,1
5.629671992,-109.102,12.92110859,-1.804611232,12.92110859,0.004578157,0.114523396,586.546,556.306,586.168641,224,0.336937246,-0.507943894,0.507943894,0.336937246,1.119047619,1.904761905,2.619047619,16.78241229,9.80542306,2.501487035,-2.442560385,2.396140971,-2.607513377,6.178085947,-0.344152449,1.471814481,1374.991,30.12866308,22.10705104,22.10705104,20.12063126,13.12002969,13.12002969,10.0689874,10.0689874,7.475822896,7.475822896,5.356972407,5.356972407,-4.14,2026417304,29.35572586,11.99574287,5.518898832,239.0099048,54.32347914,35.3936804,18.20875424,30.19302736,23.48493673,25.04894891,63.91255351,17.32565476,43.41674063,13.21376393,83.74859536,92.60139754,33.27338914,11.98427311,78.18514387,201.67,78.55075187,40.22823874,29.41085587,11.99392615,6.076020107,42.67958894,0,6.578935684,23.68431477,28.03480381,25.10943434,62.33381782,0.122196813,-3.898641189,5.687624947,-4.002716772,3.28014689,0.379310345,42,6,13,13,6,13,7,5,1.0161,140.8848,5,5,2,2
3.538726632,-30.9112,13.55830199,-1.674402401,13.55830199,0.029303069,0.163196313,576.51,552.318,576.1278734,218,0.157304621,-0.87207382,0.87207382,0.157304621,0.619047619,1.214285714,1.833333333,16.51293208,9.770994532,2.436385938,-2.426657848,2.560801772,-2.372272227,5.650651657,-0.27177728,1.553153073,1717.761679,30.03228676,21.50071248,21.50071248,19.9384685,12.77056044,12.77056044,10.28384079,10.28384079,7.641253246,7.641253246,5.676562664,5.676562664,-5.2,2068152100,26.9936311,9.716024239,4.242891537,236.9501041,60.53899986,35.20598011,23.6317578,58.65200838,23.96854623,6.103966388,60.53899986,0,36.75459322,0,82.41456107,53.06015193,6.420821623,45.94309628,54.59730362,226.42,76.32986626,51.06527395,45.73710275,0,30.33183534,24.26546827,0,0,9.473725908,11.98638472,0,109.7571575,-0.00148235,-6.183323091,10.29498716,-5.687057298,0,0.2,42,8,12,12,8,12,3,6,1.731,138.9474,2,2,0,0
7.844056982,-24.1448,9.616096922,-0.772139353,9.616096922,0.260060103,0.318477578,286.456,252.184,286.2507949,120,0.079504934,-0.393686792,0.393686792,0.079504934,0.75,1.25,1.75,16.32039663,10.02479944,2.096685382,-2.12915998,2.12980099,-2.201399836,4.651006142,0.037960407,3.141015515,206.4117973,15.05419547,12.97318653,12.97318653,9.701907263,8.282115288,8.282115288,5.773929378,5.773929378,3.700496973,3.700496973,2.412523739,2.412523739,-0.38,21471.18932,19.62,15.01735609,14.03810834,124.2714231,15.31958218,0,57.44259309,19.26246487,6.420821623,18.81481474,15.31958218,0,89.25779225,6.606881965,12.65495579,34.13439692,0,77.04985948,12.65495579,60.69,12.20793278,10.21305479,6.606881965,6.420821623,25.68328649,44.94575136,0,6.578935684,5.106527395,0,0,27.48401183,0,0,0,14.21747666,3.465178175,0.882352941,20,3,3,3,3,3,15,0,3.5677,84.7004,3,3,0,0
4.060120482,-22.9742,12.44412037,-0.072916667,12.44412037,0.014768519,0.495409378,185.267,166.115,185.1415788,76,0.112299853,-0.632335028,0.632335028,0.112299853,1.153846154,1.923076923,2.692307692,16.55293447,9.880713539,2.404947548,-2.578589424,2.36087407,-2.623141779,4.770216128,-0.939294456,2.135766916,175.0086717,9.311554788,8.114230269,8.114230269,6.271003603,5.464420659,5.464420659,4.494651097,4.494651097,3.816569373,3.816569373,3.020696186,3.020696186,-0.12,1208.365016,9.435606308,3.558291074,1.491917441,79.52437891,14.96011927,6.041840829,0,32.10410811,6.420821623,19.1934792,9.752866247,0,50.6086114,13.15163837,5.207253025,34.98818628,0,38.52492974,0,43.29,0,10.31378042,17.29506165,6.041840829,38.64886452,6.420821623,0,0,0,-0.072916667,0,21.62364229,0,0,0.290462963,6.496218821,0.829259259,1,13,1,3,2,1,3,1,2,1.3983,50.8582,1,1,0,0
4.125169263,-55.2186,12.55798029,-0.995686078,12.55798029,0.024309039,0.188481572,764.95,700.438,764.4346921,306,0.330661,-0.457979662,0.457979662,0.330661,0.685185185,1.296296296,1.888888889,16.7408911,9.429064476,2.675131571,-2.635038123,2.696813267,-2.621136936,5.849952509,-0.335843013,0.826308373,1374.417685,38.31889752,32.5867473,32.5867473,25.59002995,20.83930433,20.83930433,18.73758599,18.73758599,15.85828056,15.85828056,12.78275084,12.78275084,-1.23,9.81E+11,39.58921701,14.85767077,6.822362773,318.5281908,58.69067765,24.91878113,13.8474744,113.2183254,30.75347545,48.32881553,63.48521483,5.969305288,197.1793404,6.606881965,11.64912464,123.6196191,37.95257786,111.6685455,11.64912464,182.83,79.40682849,30.32717416,54.00152958,18.44269406,63.36049914,0,19.92349451,13.8474744,33.15804068,42.20219522,11.92513373,54.97889408,0.215206902,1.133496918,0,1.903737843,10.39133531,0.926829268,54,5,13,13,5,13,7,8,3.2473,191.221,5,4,1,1
3.946163165,-72.7849,12.92598541,-1.751988085,12.92598541,0.000182597,0.195508123,580.539,548.283,580.1792057,224,0.229138572,-0.511241031,0.511241031,0.229138572,0.87804878,1.585365854,2.268292683,16.75371166,9.935915675,2.508224615,-2.453427931,2.398614516,-2.636037127,6.087771794,-0.359661214,1.39121936,1224.872013,29.584693,21.75636665,21.75636665,19.4764733,12.98123611,12.98123611,10.24999187,10.24999187,7.417352571,7.417352571,5.069512468,5.069512468,-3.05,1086217984,29.44263909,11.67699608,5.704490984,233.0861721,64.53653393,71.32787569,12.13273414,24.61992283,18.57286184,12.71084835,69.33107111,5.783244946,80.86030977,6.606881965,64.83155912,114.6541306,28.47885195,25.0119767,59.26810763,225.06,79.90587786,45.64675634,35.0209326,5.563451492,6.076020107,25.13249144,12.13273414,0,23.68431477,28.5231787,12.92598541,81.60514237,0.548160257,-0.975740826,6.118866392,-13.62242552,0.710166553,0.518518519,41,8,14,14,8,14,6,5,-1.3155,133.4514,7,7,1,1
4.81423693,-74.6484,12.00389939,-1.696664431,12.00389939,0.035985829,0.168797877,852.072,778.488,851.503106,342,0.18687941,-0.393566318,0.393566318,0.18687941,0.683333333,1.333333333,1.983333333,16.76879664,9.466046645,2.664465378,-2.584101491,2.696705538,-2.66297291,5.267491416,-0.388337938,0.927407877,1572.82458,42.73902906,36.18634343,36.18634343,28.45930766,23.21683231,23.21683231,21.219597,21.219597,17.9934516,17.9934516,14.69677595,14.69677595,-0.86,2.06E+13,44.34745495,16.53682823,7.110929046,353.8495957,69.27339688,61.03966388,39.34407344,117.9722862,18.62843806,24.91878113,69.27339688,0,209.6351427,13.15163837,11.64912464,169.2090921,28.42117772,99.3298178,11.64912464,220.46,98.72455881,40.85221916,11.51895686,35.63137106,43.05802384,58.06944345,0,38.67087864,28.42117772,36.6814146,2.948191667,85.91875336,1.798598693,4.260880416,1.453862839,-9.142950191,13.74791529,0.955555556,60,8,15,15,8,15,7,9,1.1828,213.5034,8,8,0,0
3.861917979,-30.5459,10.75891869,-0.126203704,10.75891869,0.027629887,0.695869003,192.214,180.118,192.0786442,74,0.276074736,-0.480987771,0.480987771,0.276074736,1.428571429,2.071428571,2.642857143,16.59080467,10.09624538,1.9663606,-1.992487033,2.06231238,-1.915209398,6.008871997,-0.110008479,2.620466298,314.4418068,10.38890506,7.934918573,7.934918573,6.719545353,4.359687812,4.359687812,2.673619297,2.673619297,1.590680726,1.590680726,0.942447852,0.942447852,-1.77,1444.114641,10.31176615,5.06677031,3.308582712,82.69372997,9.843390349,0,12.15204021,30.72490205,6.076020107,6.606881965,14.63792753,5.783244946,6.9237372,6.606881965,47.97445038,17.49665431,9.531400138,6.9237372,47.97445038,46.53,0,4.794537184,11.72847016,6.606881965,5.57310453,18.22806032,25.15179752,0,9.843390349,4.810966002,10.75891869,9.110989072,0.843382464,-0.153833591,0,9.415335884,2.214241482,0.181818182,14,1,3,3,1,3,3,1,2.0438,53.7078,1,1,1,1
4.702948942,-61.8093,10.01468837,-1.312440004,10.01468837,0.244814815,0.488787413,179.151,172.095,179.0349823,68,0.157489514,-0.545466972,0.545466972,0.157489514,1.307692308,2,2.538461538,16.3647006,10.16371749,1.964808622,-1.980088771,2.246329022,-2.179524306,5.832151412,-0.29691972,2.915115081,354.6323762,9.844934983,6.597675118,6.597675118,6.092224153,3.50417936,3.50417936,2.40052065,2.40052065,1.411336493,1.411336493,0.808397321,0.808397321,-1.97,734.6523961,9.120661831,3.620415974,2.51689431,74.38084979,20.11411937,0,12.14238718,23.77220574,0,5.969305288,20.11411937,12.04532539,0,0,29.8385728,16.18236008,4.794537184,5.563451492,24.27512131,80.59,5.969305288,9.901064579,11.49902367,5.563451492,6.076020107,24.27512131,0,0,10.21305479,0,10.01468837,27.95143078,0.471759259,-1.848460412,3.979714664,2.097534014,0,0,13,2,4,4,2,4,2,1,-0.1391,43.8126,0,0,1,1
3.71168369,-12.0037,11.96601852,-0.114027778,11.96601852,0.114027778,0.543584275,194.234,180.122,194.1055277,76,0.245559609,-0.328872214,0.328872214,0.245559609,0.857142857,1.285714286,1.714285714,16.17260634,10.06935137,2.48533378,-2.381254228,2.311155146,-2.599308827,5.973642691,-0.156449612,1.956488878,248.4971237,9.706742302,8.108264997,8.108264997,6.7876937,5.398162048,5.398162048,4.379316561,4.379316561,3.641876721,3.641876721,2.957279978,2.957279978,-1.06,3750.259221,8.264978629,2.71551461,0.885409728,82.84894814,9.799819462,12.08368166,0,25.68328649,13.08951281,0,9.589074368,11.81435946,37.76696815,13.08951281,0,46.78737339,9.589074368,25.68328649,0,40.62,0,9.589074368,23.89804112,0,38.7727993,0,9.799819462,0,0,0,27.53287037,0,0,0.397407407,-0.228055556,3.715277778,1.5825,0.8,14,0,4,2,0,4,0,3,-0.018,49.47,0,0,2,2
3.998162917,-30.3109,11.14949074,-0.327546296,11.14949074,0.066388889,0.594664969,170.212,156.1,170.1055277,68,0.242523001,-0.345252299,0.345252299,0.242523001,1.5,2.166666667,2.75,16.16377814,10.0193384,2.253892603,-2.237022594,2.056280463,-2.559198585,5.941506006,-0.133557841,2.489865723,201.2345412,9.137828202,7.385410682,7.385410682,5.592224153,4.16390246,4.16390246,3.467453031,3.467453031,1.781991365,1.781991365,1.238869467,1.238869467,-1.06,418.7992762,9.031407678,3.559264205,2.218206071,71.71078324,10.63357721,6.041840829,13.8474744,12.33872767,0,6.544756406,9.589074368,11.81435946,26.31013685,6.544756406,0,24.40095669,9.589074368,20.26829602,0,58.2,0,9.589074368,24.40095669,12.33872767,0,0,0,10.63357721,0,0,22.02417423,5.182731481,0,0.2525,-0.327546296,0.705925926,4.162214664,0.75,12,2,4,2,2,4,2,1,-0.3529,44.3954,0,0,2,2
7.944010417,-28.5248,9.609101457,-0.778267825,9.609101457,0.265473436,0.339308734,284.44,252.184,284.2351449,118,0.079504934,-0.393686792,0.393686792,0.079504934,0.75,1.25,1.75,16.3203965,10.02501047,2.096689532,-2.129141697,2.128507915,-2.201399862,4.822003018,0.037960414,3.146712361,234.8798406,15.05419547,12.76607975,12.76607975,9.701907263,8.107847233,8.107847233,5.650703254,5.650703254,3.613362945,3.613362945,2.350910677,2.350910677,-0.56,21471.18932,19.44,14.8409382,13.86207594,123.9602515,15.31958218,0,51.36657298,12.84164325,12.84164325,18.81481474,15.31958218,0,89.25779225,6.606881965,0,34.13439692,0,77.04985948,0,60.69,12.20793278,10.21305479,13.02770359,0,32.10410811,38.52492974,0,5.920434319,11.52987729,0,0,27.46678651,0,2.667433723,0,16.79791987,-0.265473436,0.882352941,20,3,3,3,3,3,14,0,3.0149,83.3364,3,3,0,0
4.708862124,-14.0007,9.045843158,-0.765775147,9.045843158,0.729984647,0.390506217,244.378,220.186,244.1827154,98,0.133629312,-0.376686652,0.376686652,0.133629312,1.111111111,1.888888889,2.611111111,16.26445492,10.11488942,1.856418824,-1.948689062,2.047728383,-1.938930283,5.287192895,0.280947093,3.498063904,343.2770568,13.47684521,11.41346892,11.41346892,8.808060412,6.748945734,6.748945734,4.130071196,4.130071196,2.455124645,2.455124645,1.390028812,1.390028812,-1.44,9104.514234,16.56,13.62426735,12.62868132,111.9918033,5.106527395,6.103966388,69.25488833,24.68251188,6.420821623,0,5.106527395,0,57.97345495,0,24.806996,11.21049378,0,51.86948856,24.806996,20.23,6.103966388,0,0,0,12.84164325,38.18012822,0,49.33645037,5.106527395,0,0,9.045843158,0,10.76739477,0,13.36429343,5.655801973,0.529411765,18,1,1,1,1,1,8,0,3.8469,78.8888,1,1,0,0
4.745771054,-45.4962,11.78932178,-1.505820211,11.78932178,0.026070484,0.578395873,298.274,286.178,298.0720961,112,0.247898364,-0.544730666,0.544730666,0.247898364,1,1.636363636,2.272727273,16.36602574,10.13586364,2.066700372,-2.105328072,2.204649788,-2.240310496,6.054048871,-0.254469475,2.120604259,734.7014273,16.1125197,11.31532449,11.31532449,10.4523975,6.27967071,6.27967071,4.431460531,4.431460531,2.801180247,2.801180247,1.741864091,1.741864091,-3.28,76284.97588,15.11539352,6.446883346,3.859355336,125.5142704,25.43090797,11.49902367,12.13273414,41.97130694,11.6394716,11.65669156,24.90865655,23.6398914,0,5.316788604,59.66749257,22.08953981,4.794537184,15.92144017,48.54058959,109.69,11.87648502,19.80212916,22.74986143,5.563451492,6.066367068,36.41750849,12.13273414,5.316788604,5.106527395,0,22.74083745,31.75041887,0.40585221,-2.170270308,9.711482043,2.728346403,0,0,22,3,6,5,3,6,4,2,1.1132,78.2078,0,0,2,2
9.252821329,-51.7682,14.29893697,-1.992201442,14.29893697,0.028419837,0.264839316,558.712,512.344,558.3192684,222,0.302976544,-0.455590135,0.455590135,0.302976544,1.05,1.65,2.225,16.55204391,9.381679514,2.742026295,-2.640587956,2.735904593,-2.650227855,5.976172806,-0.183409788,1.747277585,1207.160663,30.43035694,25.33011152,25.33011152,18.06972798,14.37006909,14.37006909,14.75001222,14.75001222,11.5499851,11.5499851,9.39913784,9.39913784,-2.16,179841790.9,30.79065332,9.169021185,4.113392555,236.7922608,20.05644514,23.08931296,32.42033624,88.69898411,30.09244581,6.103966388,39.23459387,23.31904013,111.4069557,0,23.80116485,62.04865671,23.91501169,87.99692129,23.80116485,138.2,62.74045256,34.49773092,36.24394523,12.84164325,5.57310453,25.99951461,13.8474744,12.99975731,4.736862954,5.227599909,52.0622435,33.99273835,-5.430655687,-2.854896416,0,3.553961663,15.44900868,0.75,40,3,8,8,3,8,5,4,3.4993,147.7664,3,2,4,4
7.34034997,-66.9858,11.71692284,-0.87558083,11.71692284,0.041976121,0.188601105,380.569,340.249,380.2926598,156,0.302218153,-0.463108547,0.463108547,0.302218153,0.888888889,1.481481481,2.111111111,16.53993298,10.04506178,2.113938362,-2.089704975,2.096142325,-2.204783451,5.783892209,-0.144554077,3.398345398,426.0942852,20.16707965,17.45820475,17.45820475,13.05774931,10.68961643,10.68961643,7.179943949,7.179943949,4.348528094,4.348528094,2.770936221,2.770936221,-1.42,566773.0888,25.58,19.34458988,20.74273393,165.6195947,9.843390349,12.39012691,63.33192574,38.52492974,19.76538045,6.103966388,19.43246472,11.75255023,103.4221219,6.606881965,24.30408043,29.56992598,14.32593732,97.3181555,24.30408043,63.6,12.07327168,14.69560176,18.81094853,6.420821623,32.10410811,45.44866694,0,35.96468058,0,4.68525872,22.35433966,9.58536541,0,-0.393007567,0,21.51026256,3.424447886,0.739130435,27,1,4,4,1,4,18,0,5.6831,111.6218,1,1,2,2
7.333997114,-63.063,11.37323318,-0.960127133,11.37323318,0.110706305,0.207736941,356.547,316.227,356.2926598,148,0.305374101,-0.462823382,0.462823382,0.305374101,0.88,1.4,1.96,16.54213966,10.07772023,2.066380534,-2.077056309,2.098274198,-2.212958496,5.687471407,-0.146964521,3.223926507,315.0179101,18.58972938,16.25668308,16.25668308,12.20190726,10.29833675,10.29833675,6.85369909,6.85369909,4.290159325,4.290159325,2.654090426,2.654090426,-0.87,260449.3252,24.13,19.45466769,19.30293558,154.2120251,14.94991774,12.71084835,70.4423504,32.10410811,6.420821623,6.606881965,19.74445493,5.969305288,102.9192063,13.21376393,12.15204021,35.50009039,9.531400138,96.81523992,12.15204021,66.76,6.103966388,4.794537184,19.18306922,6.420821623,25.68328649,57.78739461,0,19.07577741,14.94991774,4.8557444,11.37323318,17.69642088,0,-0.286919041,0,20.09282465,1.76869593,0.857142857,25,2,4,4,2,4,18,0,4.9203,103.5036,2,2,1,1
7.60528572,-91.0783,11.36772358,-0.96430248,11.36772358,0.115479548,0.225718239,354.531,316.227,354.2770097,146,0.305374101,-0.462823382,0.462823382,0.305374101,0.92,1.52,2.16,16.54213929,10.09031051,2.066158785,-2.076996352,2.08451915,-2.212958481,5.687478236,-0.146964477,3.299403484,349.8052121,18.58972938,15.99717005,15.99717005,12.20190726,9.948166662,9.948166662,6.500145699,6.500145699,3.978991519,3.978991519,2.39477785,2.39477785,-1.13,260449.3252,23.87,19.19812843,19.04490162,153.5224221,14.94991774,12.71084835,63.33192574,38.52492974,6.420821623,6.606881965,19.74445493,5.969305288,90.07756306,13.21376393,24.30408043,35.50009039,9.531400138,83.97359667,24.30408043,66.76,6.103966388,4.794537184,19.18306922,6.420821623,32.10410811,38.52492974,0,31.22781763,14.94991774,4.8502348,11.36772358,17.68946434,0,-0.293349843,0,21.14978064,1.736146488,0.761904762,25,2,4,4,2,4,17,0,4.6963,103.4096,2,2,1,1
3.640105731,-28.1005,10.85845572,-0.425778035,10.85845572,0.205379819,0.695250294,208.213,196.117,208.0735589,80,0.276074754,-0.50410704,0.50410704,0.276074754,1.533333333,2.266666667,2.866666667,16.59082699,10.07602421,2.07616254,-2.020526385,2.107248652,-2.012077146,6.036802648,-0.113203341,2.740301458,372.0491602,11.25914855,8.304781899,8.304781899,7.130228955,4.499961276,4.499961276,2.831745785,2.831745785,1.693576505,1.693576505,1.00158082,1.00158082,-1.97,2128.370082,11.10674597,5.046466055,3.34187281,87.48796372,14.94991774,0,6.076020107,30.72490205,6.076020107,6.606881965,19.74445493,5.783244946,6.9237372,6.606881965,47.65759515,22.6031817,9.531400138,6.9237372,47.65759515,66.76,5.783244946,4.794537184,11.70439008,12.17998649,0,30.38010053,6.9237372,0,14.94991774,4.778706223,10.85845572,18.23954893,0.609586168,-0.943148883,0,6.995509023,2.128009487,0.181818182,15,2,4,4,2,4,3,1,1.9295,55.2796,2,2,1,1
4.472679241,-36.256,10.71259637,-0.160925926,10.71259637,0.030469393,0.653828837,178.187,168.107,178.0629942,68,0.275804511,-0.480994957,0.480994957,0.275804511,1.384615385,2,2.538461538,16.58368365,10.09628848,1.962949474,-1.972232273,2.059617808,-1.906669601,6.008867652,-0.110007921,2.694638818,301.0615598,9.681798276,7.227811792,7.227811792,6.219545353,3.772154186,3.772154186,2.44473074,2.44473074,1.507598327,1.507598327,0.814493656,0.814493656,-1.77,908.6812529,9.319047195,4.303970001,2.987277016,76.32878786,9.843390349,0,12.15204021,23.80116485,6.076020107,7.109797541,14.63792753,5.783244946,0,7.109797541,47.97445038,17.99956988,9.531400138,0,47.97445038,46.53,0,4.794537184,11.72847016,0,5.57310453,25.33785786,18.22806032,4.736862954,5.106527395,4.519299335,10.71259637,8.919739072,0.836296296,-0.191395319,0,9.328052721,0,0.1,13,1,3,3,1,3,2,1,1.6537,49.0908,1,1,1,1
7.748970461,-65.7931,11.45157501,-0.767937217,11.45157501,0.324786811,0.207736941,356.547,316.227,356.2926598,148,0.305723809,-0.457445862,0.457445862,0.305723809,0.8,1.28,1.8,16.55702031,10.07754504,2.109723081,-2.11742578,2.100933104,-2.249106948,5.690032357,-0.153047575,3.275173017,311.0179101,18.58972938,16.25668308,16.25668308,12.23991207,10.30339275,10.30339275,6.811305134,6.811305134,4.348085132,4.348085132,2.717166098,2.717166098,-0.87,267322.5641,24.13,19.45466769,17.73617573,154.2120251,14.94991774,6.103966388,70.4423504,32.10410811,6.420821623,13.21376393,19.74445493,5.969305288,102.9192063,13.21376393,12.15204021,35.50009039,9.531400138,96.81523992,12.15204021,66.76,6.103966388,4.794537184,19.18306922,6.420821623,25.68328649,57.78739461,0,19.07577741,14.94991774,4.91986477,11.45157501,17.67203523,0,-0.328030152,0,20.18096965,1.60358549,0.857142857,25,2,4,4,2,4,18,0,4.9203,103.5036,2,2,1,1
5.428990328,-19.0617,12.18925196,-1.711294748,12.18925196,0.239897959,0.357545069,371.362,348.178,371.1347559,146,0.228760281,-0.871789905,0.871789905,0.228760281,1.269230769,1.923076923,2.5,16.70681395,9.953988879,2.449094402,-2.40186349,2.317623873,-2.587123913,6.021237273,-0.302542188,2.341097776,634.1448078,19.59349365,14.40207686,14.40207686,12.20481502,8.261573088,8.261573088,6.304209676,6.304209676,4.466375707,4.466375707,2.64085868,2.64085868,-1.91,411754.1789,20.40249796,8.190335611,3.91603723,149.6518685,40.11289028,35.93419529,19.60663927,12.49684173,17.56703068,6.606881965,44.90742746,5.783244946,50.9741883,6.606881965,35.00263936,68.62865617,14.26826309,20.26829602,35.00263936,159.74,54.77309011,35.43370155,17.09143427,6.420821623,12.15204021,0,13.8474744,0,9.473725908,10.6002799,11.68183424,61.36056399,-0.239897959,-2.412726416,0,-5.475452055,2.818731633,0.588235294,26,5,9,9,5,9,5,2,-1.6281,85.135,5,5,1,1
4.565512853,-62.9167,11.76689405,-1.353320211,11.76689405,0.079737569,0.829574013,282.275,270.179,282.0771814,106,0.247898331,-0.544733072,0.544733072,0.247898331,1.047619048,1.714285714,2.380952381,16.36579387,10.14641589,2.041474231,-2.094667251,2.144059428,-2.239648464,6.051927587,-0.25445188,2.083829444,689.6780937,15.24227621,10.94546116,10.94546116,10.05855065,6.14538031,6.14538031,4.247157587,4.247157587,2.725093514,2.725093514,1.701860005,1.701860005,-3.08,53549.16385,14.33165875,6.382877229,3.939662644,120.7200366,20.32438058,5.749511833,30.33183534,29.8385728,11.6394716,11.65669156,19.80212916,23.6398914,0,5.316788604,65.73385964,16.98301241,4.794537184,15.92144017,54.60695665,89.46,11.87648502,14.69560176,17.0003496,0,5.563451492,30.34148838,30.34148838,5.316788604,5.106527395,0,22.67729861,22.53449667,0.831366613,-1.676225686,12.30484573,2.828218065,0,0,21,2,5,4,2,5,4,2,1.4076,76.543,0,0,2,2
3.599980365,-9.9381,11.90518519,-0.308472222,11.90518519,0.028518519,0.647852839,196.25,180.122,196.1211778,78,0.245596042,-0.342257914,0.342257914,0.245596042,1.428571429,2.142857143,2.785714286,16.16894049,9.986385351,2.430923065,-2.357464861,2.234018428,-2.621010444,5.970228461,-0.147779944,2.202073646,271.2955636,10.29252874,8.617081328,8.617081328,6.609060905,5.21858931,5.21858931,4.419934454,4.419934454,3.069007986,3.069007986,2.244736025,2.244736025,-1.06,2085.578814,9.49330387,3.259009422,1.29060409,83.6448078,10.21669833,12.08368166,13.8474744,18.75954929,6.544756406,0,9.589074368,11.81435946,38.7727993,6.544756406,0,35.34270725,9.589074368,26.68911765,0,49.41,0,9.589074368,29.81594716,0,19.38639965,0,4.899909731,5.316788604,0,0,25.27592593,2.806851852,0,0.301759259,-0.491342593,1.774831822,4.665307067,0.8,14,1,4,2,1,4,1,2,0.1318,51.5037,0,0,2,2
3.904571893,-91.7673,11.41836404,-0.436435185,11.41836404,0.087423627,0.703167678,204.229,192.133,204.0898776,78,0.242858935,-0.345241847,0.345241847,0.242858935,1.2,1.933333333,2.666666667,16.16377957,10.04172909,2.250170042,-2.2254313,2.041684866,-2.564171227,5.94371117,-0.133134454,2.045194158,375.4341283,10.67336211,8.194811758,8.194811758,7.254020195,4.865190624,4.865190624,3.527626626,3.527626626,2.357535652,2.357535652,1.595025628,1.595025628,-1.84,3330.152952,9.705022184,4.125446455,2.340150996,87.67305111,10.63357721,6.041840829,30.33183534,5.563451492,6.420821623,6.544756406,9.589074368,11.81435946,12.46266245,6.544756406,35.89528683,24.40095669,16.00989599,5.563451492,30.33183534,58.2,6.041840829,9.589074368,18.35911586,6.420821623,5.563451492,0,0,10.63357721,0,0,22.50176666,5.214767337,1.041527778,-0.241681311,9.18943665,0.540092593,0.087423627,0.272727273,15,2,4,2,2,4,2,2,-0.1563,55.0864,0,0,2,2
3.962314596,-18.0153,10.23580583,-0.999075236,10.23580583,0.114914378,0.313411791,329.457,296.193,329.2333477,136,0.098032918,-0.550171861,0.550171861,0.098032918,0.913043478,1.52173913,2.173913043,16.36548258,10.03513438,2.124447298,-2.144779495,2.109802516,-2.236164039,5.634983938,-0.305344288,3.66376113,316.5338057,17.50178923,14.32306331,14.32306331,10.96843291,8.893335046,8.893335046,6.184420427,6.184420427,3.908897306,3.908897306,2.393960992,2.393960992,-0.91,73968.36067,22.09,14.66772819,14.41586049,139.592121,25.22064676,0,64.02152877,25.68328649,5.969305288,18.31189916,25.22064676,5.969305288,95.86467422,0,12.15204021,39.60078664,4.794537184,77.55277505,12.15204021,100.82,24.28120445,25.22064676,6.420821623,19.26246487,44.94575136,6.076020107,6.076020107,6.9237372,0,0,10.23580583,39.58188944,0,-0.999075236,0,9.262293479,2.085753159,0.833333333,23,3,5,5,3,5,15,0,1.6862,88.6284,3,3,1,1
4.814168978,-55.7607,13.69209058,-1.39876559,13.69209058,0.087930839,0.240763512,413.578,376.282,413.2697332,166,0.1796467,-0.871610074,0.871610074,0.1796467,0.933333333,1.4,1.8,16.27491617,9.637451419,2.496417062,-2.393072394,2.439312677,-2.46899251,6.245087275,-0.299166955,3.904632038,814.2593762,23.22325016,19.80978667,19.80978667,13.88365824,10.71879016,10.71879016,9.074364558,9.074364558,5.638869317,5.638869317,3.363144845,3.363144845,-2.36,1553096.586,25.67617945,10.60383262,5.617818017,181.3204693,10.21305479,11.17415534,54.55401318,72.79881422,11.49101058,0,19.80212916,11.56648989,81.07318409,0,57.61191271,16.67301729,9.589074368,81.07318409,57.61191271,77.43,22.74064523,19.80212916,42.08574485,6.420821623,16.71931359,0,6.9237372,0,0,0,27.3348382,24.04695468,1.452587081,-2.119292958,0,6.740633661,15.12761267,0.538461538,30,1,4,4,1,4,8,1,5.6661,120.7268,1,1,2,2
7.576836076,-41.0306,11.63011728,-0.92683083,11.63011728,0.012276873,0.157951659,378.553,340.249,378.2770097,154,0.302218154,-0.463108307,0.463108307,0.302218154,0.888888889,1.481481481,2.074074074,16.53993144,10.10182449,2.093869937,-2.072561966,2.058617979,-2.197238726,5.894457151,-0.144280413,3.515798906,462.9988065,20.16707965,17.19869173,17.19869173,13.05774931,10.3663198,10.3663198,6.841518938,6.841518938,4.040960648,4.040960648,2.507587409,2.507587409,-1.68,566773.0888,25.32,19.09188866,20.48447368,164.9299916,9.843390349,6.606881965,56.5663026,51.02177147,13.34455882,6.103966388,19.43246472,11.75255023,90.58047864,6.606881965,36.45612064,29.56992598,14.32593732,84.47651225,36.45612064,63.6,12.07327168,14.69560176,18.81094853,0,32.10410811,45.10386542,0,35.96468058,0,4.66116575,22.25354876,9.551476521,0,-0.591579704,0,22.91916491,3.372890429,0.652173913,27,1,4,4,1,4,17,0,5.4591,111.5278,1,1,2,2
4.450961162,-103.651,10.9674589,-1.37092543,10.9674589,0.005022766,0.649676988,312.301,298.189,312.0877461,118,0.210792819,-0.544731644,0.544731644,0.210792819,1.260869565,2,2.695652174,16.47411757,10.15128136,2.027535857,-2.054307782,2.26381383,-2.218063092,5.963711134,-0.254463067,2.245994213,780.3032363,16.81962648,12.26253808,12.26253808,11.00723905,6.641115661,6.641115661,4.539228386,4.539228386,2.987598049,2.987598049,1.873068204,1.873068204,-3.28,135304.4348,16.09678329,7.126305041,4.101620643,132.1766959,24.85098232,0,24.26546827,29.8385728,11.6394716,18.7664891,24.85098232,23.63045701,0,7.109797541,59.66749257,29.18990296,0,15.92144017,53.53299432,102.18,5.969305288,20.11411937,22.89809494,11.31296332,0,31.38491885,30.34148838,4.992404733,4.736862954,4.981336207,14.80683335,30.29394078,0.644699755,-1.438478947,10.60189689,2.847523621,0,0.058823529,23,2,6,5,2,6,5,2,2.0657,84.1891,1,1,1,1
5.05111778,-82.0609,11.13620068,-0.966355936,11.13620068,0.017675632,0.452743287,370.401,348.225,370.1416384,142,0.178177932,-0.507384812,0.507384812,0.178177932,1.259259259,1.888888889,2.444444444,16.46773692,9.970275522,2.224845367,-2.173506335,2.416472809,-2.116647441,6.00952655,-0.11001195,2.475063903,868.4231748,20.13746372,15.13836668,15.13836668,12.73928986,8.208947147,8.208947147,6.153997012,6.153997012,4.102180164,4.102180164,2.487132679,2.487132679,-3.25,716047.6338,20.06670238,8.420692943,4.679887426,156.9036909,25.16297253,28.57115186,30.38010053,30.72490205,18.05064018,13.21376393,29.95750972,11.54240982,19.44852521,7.109797541,71.37453544,39.42311845,11.21535881,18.05064018,60.24763245,107.22,11.85347822,25.22064676,40.58915809,11.14620906,0,31.40422493,25.15179752,6.578935684,4.736862954,5.147236354,11.13620068,41.18590135,1.199320734,-1.030956088,1.255766688,7.829761847,5.272711284,0.19047619,27,4,6,6,4,6,6,2,3.1063,102.8242,2,2,1,1
5.67481285,-94.5447,11.14504483,-0.494686677,11.14504483,0.084200149,0.800978326,352.386,332.226,352.1310737,134,0.178177932,-0.507040797,0.507040797,0.178177932,1.192307692,1.884615385,2.538461538,16.50606584,9.97616445,2.273717147,-2.287794326,2.449153586,-2.271310393,6.009668871,-0.110011506,2.033768485,892.8193942,18.89697675,14.81532449,14.81532449,12.30366223,8.142043146,8.142043146,6.540699619,6.540699619,4.080157911,4.080157911,2.729950161,2.729950161,-3.21,582143.8427,17.60782577,6.594963937,3.420459413,151.4229374,19.6867807,34.17220267,18.22806032,49.80067946,6.066367068,12.67324903,24.48131788,17.61842992,19.44852521,7.109797541,65.29851533,28.70714809,4.794537184,24.97437738,54.17161235,75.99,5.601050811,15.00759197,22.85537314,17.06247516,5.57310453,25.33785786,30.3704475,0,9.473725908,11.18171601,11.14504483,21.15017056,0.912007148,0.413540676,1.644762814,12.86703302,3.812270476,0.19047619,26,2,5,5,2,5,3,3,4.1054,100.3756,1,1,1,1
5.441099519,-0.3987,11.17785778,-1.033485566,11.17785778,0.028316694,0.518210912,402.443,376.235,402.1678532,156,0.178177932,-0.507385018,0.507385018,0.178177932,1.172413793,1.793103448,2.344827586,16.50153271,9.91990278,2.306153569,-2.293137755,2.420470831,-2.390945734,6.009528645,-0.11001299,2.466256827,886.2261284,21.76722023,16.83950819,16.83950819,13.6005913,8.967766192,8.967766192,7.115218176,7.115218176,4.861916476,4.861916476,2.694730596,2.694730596,-3.03,1682151.495,22.2611267,8.980206304,5.071206151,169.0717812,29.89983549,28.57115186,18.22806032,37.64863925,25.16043772,18.81481474,34.69437267,11.54240982,31.97331322,14.21959508,59.22249522,52.13396681,15.95222176,24.97437738,48.09559224,116.45,17.45452903,25.22064676,40.58915809,5.57310453,0,38.51402247,32.07553472,0,9.473725908,10.42506861,11.17785778,41.99167323,-0.224428551,-1.078057509,1.257136681,7.726722609,3.352590771,0.318181818,29,4,7,7,4,7,7,2,2.9552,109.0982,2,2,1,1
3.855121737,-6.371,11.46351852,-0.326990741,11.46351852,0.013518519,0.529610145,168.196,156.1,168.0898776,66,0.245042272,-0.342791819,0.342791819,0.245042272,1.5,2.25,3,16.16873285,10.10649424,2.403855814,-2.322932571,2.208545203,-2.594614375,5.965973806,-0.145964485,2.23029685,239.2123595,8.715178471,7.039731058,7.039731058,5.698377303,4.307905707,4.307905707,3.419934454,3.419934454,2.567719148,2.567719148,1.923125998,1.923125998,-1.06,841.3141828,7.581959098,2.468405723,0.90611981,70.91492358,10.21669833,12.08368166,0,19.76538045,6.544756406,0,9.589074368,11.81435946,31.8490621,6.544756406,0,35.34270725,9.589074368,19.76538045,0,49.41,0,9.589074368,23.89804112,0,19.38639965,0,11.82364693,5.316788604,0,0,24.48814815,2.670277778,0,0.080277778,-0.499490741,1.778611111,2.482175926,0.75,12,1,4,2,1,4,0,2,-0.5043,42.3397,0,0,2,2
3.601697594,-39.2862,11.26587963,-0.395833333,11.26587963,0.086018519,0.564599486,170.212,156.1,170.1055277,68,0.242983912,-0.342797498,0.342797498,0.242983912,1.166666667,1.75,2.25,16.1649334,10.00245252,2.318985333,-2.292035212,2.056557925,-2.617123244,5.962438984,-0.136903342,2.679709713,213.1034,9.300964908,7.548547388,7.548547388,5.519744508,4.12833297,4.12833297,3.460552348,3.460552348,1.998945042,1.998945042,1.181940645,1.181940645,-1.06,393.5983257,9.031407678,3.126689735,1.571153345,71.71078324,10.63357721,12.08368166,13.8474744,12.84164325,0,0,9.589074368,11.81435946,32.85489326,0,0,23.89804112,9.589074368,20.7712116,0,58.2,6.041840829,9.589074368,23.77410633,0,0,0,6.9237372,10.63357721,0,0,22.39453704,5.273796296,0,-0.049212963,-0.762777778,0,5.476990741,0.75,12,2,4,2,2,4,1,1,-0.3545,44.3734,0,0,2,2
3.902107162,-46.0153,11.35990741,-0.392673847,11.35990741,0.068703704,0.636086495,184.239,168.111,184.1211778,74,0.24272748,-0.342806523,0.342806523,0.24272748,1.230769231,1.846153846,2.384615385,16.16485593,10.0044616,2.30306713,-2.279207509,2.075636352,-2.60353991,5.960876231,-0.136207926,2.563361321,225.6545914,10.00807169,8.25565417,8.25565417,6.002907755,4.611496217,4.611496217,3.92099948,3.92099948,2.092134586,2.092134586,1.379164783,1.379164783,-1.06,622.9496449,10.02375209,3.766719486,2.437431449,78.07572536,10.63357721,12.08368166,13.8474744,19.26246487,0,0,9.589074368,11.81435946,39.27571488,0,0,23.89804112,9.589074368,27.19203322,0,58.2,6.041840829,9.589074368,17.85620029,12.33872767,0,0,6.9237372,10.63357721,0,0,22.56560941,5.329722222,0,0.245839002,-0.736470144,0.698703704,5.729929138,0.777777778,13,2,4,2,2,4,2,1,0.0356,48.9904,0,0,2,2
5.672355036,-28.4161,12.87886428,-0.387275132,12.87886428,0.00573271,0.875033569,354.402,332.226,354.1467238,136,0.17392844,-0.507966607,0.507966607,0.17392844,1.230769231,1.961538462,2.653846154,16.51543514,9.881449607,2.372281589,-2.360020614,2.486785455,-2.333862155,6.03145725,0.075788576,1.804691082,866.9604422,18.47432702,15.16562872,15.16562872,12.37614188,8.794479146,8.794479146,7.446721276,7.446721276,5.065006826,5.065006826,3.639869564,3.639869564,-2.69,804087.0272,16.76099197,5.936850048,2.772249041,152.0577056,19.31711626,40.26651602,12.13273414,44.38530327,11.62981856,13.53061916,24.11165344,5.783244946,44.81495647,7.109797541,47.02218982,23.60062069,6.420821623,54.27797569,30.33183534,64.99,0,9.901064579,29.6585956,17.06247516,29.71805806,0,37.44163288,0,14.21058886,17.85037175,12.87886428,9.499447282,2.026239906,1.96348328,8.572371256,1.477512784,4.097466304,0.380952381,26,1,5,5,1,5,2,4,4.2109,96.4453,0,0,1,1
4.728065506,-2.6015,11.88198858,-1.930045745,11.88198858,0.111173544,0.148159401,533.418,512.25,533.0936789,202,0.311103245,-0.549542479,0.549542479,0.311103245,0.973684211,1.657894737,2.315789474,16.71302206,9.988694248,2.46044717,-2.396753977,2.495779382,-2.599228937,5.886045265,-0.305044245,1.727433015,1363.644785,27.72288568,19.21433442,19.21433442,17.95530525,10.99894829,10.99894829,8.335677909,8.335677909,5.654263975,5.654263975,3.795906982,3.795906982,-4.37,180045676.4,26.6862271,10.54866105,5.328025593,211.9929194,59.16796875,53.84547009,0,24.26546827,17.69618563,12.39012691,63.96250593,11.93861058,37.1267139,6.606881965,46.62152999,79.89054919,19.06280028,6.420821623,45.60989053,236.48,78.34953234,50.12930332,28.39690965,0,12.13273414,24.26546827,0,0,18.6277398,21.5161931,33.96452446,72.4722967,-0.770468506,-5.448730486,7.087513583,-10.07418771,-0.747141133,0.291666667,38,6,14,14,6,14,7,4,-1.602,119.9228,3,3,2,2
4.887824143,-31.2108,12.40503293,-1.658683865,12.40503293,0.095261532,0.243968566,462.407,440.231,462.1162115,176,0.205445408,-0.507674567,0.507674567,0.205445408,0.939393939,1.666666667,2.333333333,16.52261645,9.808890353,2.441840368,-2.394257859,2.476436175,-2.556769862,5.797183893,-0.156728146,1.903626761,1201.635629,24.02421507,16.99016989,16.99016989,15.61629996,9.988263082,9.988263082,7.935889299,7.935889299,5.760997991,5.760997991,3.961119826,3.961119826,-3.51,19075457.65,22.67567628,8.445613204,3.911702087,185.5071342,50.00623305,35.38510991,0,24.61992283,30.22097364,6.103966388,50.00623305,0,30.83668717,6.606881965,40.55516292,71.87496667,0,6.420821623,39.54352346,201.28,71.11700312,45.64675634,29.06821944,0,24.26546827,6.066367068,0,0,9.154013891,11.49032754,12.40503293,80.31951482,-1.026749076,-3.788930363,5.49521717,-6.048739206,-0.512340474,0.318181818,33,8,11,11,8,11,4,4,0.0763,111.3244,4,4,0,0
5.440691989,-32.4528,12.85093537,-2.421352986,12.85093537,0.022593323,0.237198656,362.466,332.226,362.2093241,144,0.209265299,-0.511414088,0.511414088,0.209265299,1.115384615,1.653846154,2.115384615,16.31718452,9.815319163,2.607697416,-2.240687385,2.393850643,-2.485956065,6.367341897,-0.151845693,3.443726902,685.1899978,20.23168633,16.54989348,16.54989348,11.92235117,8.959087051,8.959087051,7.857958693,7.857958693,4.413213136,4.413213136,2.99121334,2.99121334,-2.01,235536.4919,22.03168404,8.582735656,4.580609689,155.0364869,10.21305479,11.3322694,37.14572367,40.03367647,12.84164325,5.917906046,24.59666634,17.34973484,66.40593888,0,34.63051868,33.16384044,14.38361155,60.80488807,34.63051868,91.67,34.44179623,24.59666634,30.93953579,0,11.14620906,0,25.99951461,0,0,0,38.34533667,21.28970905,-1.055541897,-3.861083558,0,3.410113851,10.95479922,0.571428571,26,2,5,5,2,5,7,1,3.6254,100.6666,2,1,3,3
5.529075247,-42.6398,13.08884921,-0.445069444,13.08884921,0.018185731,0.287443649,422.521,392.281,422.2093241,164,0.192863679,-0.507966251,0.507966251,0.192863679,0.870967742,1.419354839,1.935483871,16.46781996,9.929416709,2.262552188,-2.184316392,2.436454094,-2.06197596,6.11035302,0.103708064,2.638432069,1032.702386,23.12902755,18.69115308,18.69115308,14.64997346,10.07032141,10.07032141,7.822882113,7.822882113,4.795133679,4.795133679,3.100770066,3.100770066,-3.47,4443591.312,23.80549235,10.52654065,6.011904339,183.1866464,20.05644514,28.56149882,41.50700352,64.30879778,11.12690298,7.109797541,24.85098232,11.85926505,40.53659204,7.109797541,75.89354362,28.21262467,12.84164325,54.74329195,53.63973765,86.99,5.783244946,20.11411937,34.98232045,17.54772461,16.70966055,25.31855179,18.20875424,0,4.736862954,5.487491007,13.08884921,31.23300748,3.573316725,-0.501060668,6.399454633,7.399728752,7.739386946,0.269230769,31,3,5,5,3,5,8,2,5.7255,124.0649,0,0,1,1
5.246386304,-46.7871,12.88112497,-0.429061558,12.88112497,0.075383493,0.638344155,354.402,332.226,354.1467238,136,0.192861312,-0.507966251,0.507966251,0.192861312,1.230769231,1.923076923,2.576923077,16.50767189,9.9033566,2.331475306,-2.338782609,2.446884627,-2.331880499,6.107636542,0.080021891,2.025022726,862.9604422,18.89697675,15.07483751,15.07483751,12.30366223,8.438466325,8.438466325,6.931501468,6.931501468,4.466528422,4.466528422,3.00513812,3.00513812,-2.95,581685.3331,17.85963821,6.748441258,3.517246698,152.0546222,19.6867807,34.16254964,18.20875424,50.46132338,11.62981856,7.109797541,24.48131788,11.85926505,32.29016846,7.109797541,53.09820992,28.70714809,6.420821623,41.75318768,36.40785545,75.99,5.601050811,15.00759197,23.03178045,23.29723644,11.98427311,19.25218472,30.34148838,0,9.473725908,11.35642806,12.88112497,19.60572162,1.291885488,0.630956317,7.990277501,4.470183625,3.902784709,0.285714286,26,2,5,5,2,5,4,3,4.1061,99.1581,0,0,1,1
7.622784844,-89.9066,11.67062245,-0.86989494,11.67062245,0.045985764,0.250389896,340.504,304.216,340.2613596,140,0.302218153,-0.463108547,0.463108547,0.302218153,0.958333333,1.541666667,2.166666667,16.53992845,10.04442915,2.113852965,-2.089728845,2.097796421,-2.204783455,5.783874889,-0.144553811,3.368343207,349.5480113,18.04575931,15.59639743,15.59639743,11.55774931,9.539786518,9.539786518,6.472837168,6.472837168,3.9096959,3.9096959,2.499918711,2.499918711,-1.16,129107.2452,22.84,16.68920161,17.19791437,147.2143714,9.843390349,12.39012691,51.17988553,32.10410811,19.76538045,6.103966388,19.43246472,11.75255023,97.00130026,6.606881965,12.15204021,29.56992598,14.32593732,90.89733387,12.15204021,63.6,12.07327168,14.69560176,18.81094853,6.420821623,25.68328649,45.44866694,0,23.81264037,0,4.674922587,22.27939256,9.555211878,0,-0.387066772,0,16.12130494,3.422901476,0.8,24,1,4,4,1,4,16,0,4.7368,97.8648,1,1,2,2
5.326748637,-48.2511,12.84982048,-2.464843159,12.84982048,0.042910762,0.529140765,361.458,332.226,361.2020476,144,0.172176077,-0.872627125,0.872627125,0.172176077,1.192307692,1.730769231,2.192307692,16.34881032,9.807795155,2.535773102,-2.329164405,2.40389637,-2.489411742,6.259168811,-0.33016276,3.454879941,687.1899978,20.23168633,16.51092818,16.51092818,11.97719273,9.004482654,9.004482654,7.486840351,7.486840351,4.829391765,4.829391765,2.894306322,2.894306322,-2.01,269466.9131,22.03168404,8.582735656,4.206768436,155.0364869,10.21305479,5.601050811,42.90488854,40.53659204,12.33872767,11.49101058,24.59666634,17.34973484,66.40593888,0,34.63051868,28.05731304,14.38361155,60.80488807,34.63051868,94.5,46.11886714,24.59666634,12.84164325,6.420821623,11.14620906,0,39.84698901,0,0,0,38.01895909,23.85639456,-1.237934915,-4.839847306,0,3.649889013,10.63587289,0.571428571,26,1,5,5,1,5,8,1,2.4277,98.0378,1,0,3,3
4.486196631,-4.1666,11.53805556,0.185416667,11.53805556,0.185416667,0.58450788,163.22,150.116,163.099714,64,0.181565721,-0.381630566,0.381630566,0.181565721,1.583333333,2.416666667,3.25,16.14006492,10.07444949,2.281705288,-2.038699524,2.277978968,-2.205106284,6.000073125,-0.117709712,2.316517926,275.5631668,8.552041764,7.261619442,7.261619442,5.7876937,4.465761379,4.465761379,3.48748165,3.48748165,2.47301395,2.47301395,1.787389625,1.787389625,-1.05,778.8948206,7.591445353,2.774148763,1.073969413,72.34424597,5.316788604,0,19.07577741,18.41474778,12.46266245,5.697039313,4.794537184,5.783244946,19.76538045,6.544756406,23.42218406,12.32800135,4.794537184,19.76538045,23.42218406,29.1,0,4.794537184,11.70115099,0,25.08343896,5.57310453,0,17.46882882,0,0,11.53805556,3.191296296,2.070601852,0.473888889,0,6.170351474,2.889139267,0.5,12,1,2,2,1,2,0,2,1.3989,47.5737,0,0,1,1
4.002222315,-26.7711,11.42476852,-0.395549887,11.42476852,0.068101852,0.636086495,184.239,168.111,184.1211778,74,0.242994707,-0.342797338,0.342797338,0.242994707,1.307692308,1.923076923,2.461538462,16.16494679,9.957948278,2.329512446,-2.303431101,2.103824531,-2.619834743,5.962761327,-0.137105712,2.664580809,227.6545914,10.00807169,8.25565417,8.25565417,6.05774931,4.666337772,4.666337772,3.602067587,3.602067587,2.545264519,2.545264519,1.348898509,1.348898509,-1.06,721.9616894,10.02375209,3.766719486,1.994063596,78.07572536,10.63357721,12.08368166,20.26829602,12.84164325,0,0,9.589074368,11.81435946,39.27571488,0,0,23.89804112,9.589074368,27.19203322,0,58.2,6.041840829,9.589074368,23.77410633,0,6.420821623,0,6.9237372,10.63357721,0,0,22.66935563,5.358935185,0,0.03037037,-0.748605442,0.881694067,5.641583522,0.777777778,13,2,4,2,2,4,2,1,0.0356,48.9904,0,0,2,2
7.463012525,-15.1316,10.65984454,-0.776043792,10.65984454,0.033175121,0.187203604,382.585,340.249,382.3083098,158,0.302217954,-0.463121855,0.463121855,0.302217954,0.851851852,1.444444444,2.074074074,16.54004114,10.03287901,2.12394381,-2.148480493,2.118719862,-2.230282331,5.653835674,-0.144058376,3.385029544,389.8395866,20.16707965,17.57452032,17.57452032,13.05774931,10.85308098,10.85308098,7.365345571,7.365345571,4.511116649,4.511116649,2.90489216,2.90489216,-1.13,566773.0888,25.87,19.6266099,21.03083635,166.2523063,14.94991774,6.606881965,69.75274736,38.52492974,13.34455882,12.20793278,19.74445493,5.969305288,109.5260883,6.606881965,24.30408043,34.99717482,9.531400138,97.3181555,24.30408043,66.76,18.17723806,15.00759197,13.02770359,6.420821623,25.68328649,51.86948856,0,31.22781763,4.736862954,4.726369832,10.65984454,19.51974462,0,-0.405316265,0,21.82118278,3.51150783,0.782608696,27,2,4,4,2,4,18,0,5.4749,112.6216,2,2,1,1
4.218388218,-28.5165,10.76067806,-0.818658903,10.76067806,0.422163018,0.307254479,302.414,276.206,302.1881947,120,0.303697215,-0.444958905,0.444958905,0.303697215,1.227272727,1.909090909,2.545454545,16.54120062,10.11179391,2.006957722,-2.02677264,2.049792964,-2.100917161,5.663546556,-0.141533841,4.040310209,468.379439,16.63154574,13.60020899,13.60020899,10.59575411,7.753103072,7.753103072,4.880289066,4.880289066,2.796704603,2.796704603,1.671520716,1.671520716,-1.97,50381.57847,20.03,13.98787351,13.03356206,133.9967549,9.843390349,6.103966388,51.1824138,42.75498642,6.9237372,0,14.63792753,5.969305288,64.58033691,0,24.806996,23.28376546,9.531400138,52.37240414,24.806996,46.53,18.17723806,9.901064579,0,0,12.84164325,38.6830438,6.076020107,37.18441016,4.736862954,4.851399018,10.76067806,9.624070438,0,9.891439236,0,10.68781948,7.017927103,0.526315789,22,1,3,3,1,3,9,0,3.3885,89.8258,1,1,1,1
4.792116651,-43.6066,13.91506803,-1.284677816,13.91506803,0.005053173,0.399905968,397.535,364.271,397.2384331,158,0.178915149,-0.87419193,0.87419193,0.178915149,1.206896552,1.793103448,2.275862069,16.26520302,9.624402866,2.751667585,-2.428636796,2.720554953,-2.521420344,6.320364433,-0.324065555,2.304003634,880.4994297,22.10192982,18.77082136,18.77082136,13.24630034,10.59220636,10.59220636,10.60152164,10.60152164,7.827952647,7.827952647,6.245711921,6.245711921,-1.97,1503468.136,21.73203072,6.515306657,2.600229785,173.6903593,5.106527395,0,51.49611365,57.28447903,11.33289652,10.988095,19.49013895,17.34973484,67.72862527,0,35.13343425,17.34973484,14.38361155,67.72862527,35.13343425,74.27,34.07354175,19.49013895,35.02797366,12.84164325,11.14620906,0,13.8474744,20.42641008,0,0,40.62374843,13.59232804,-1.172841763,-2.44777762,0,2.865580436,17.45562915,0.64,29,0,4,4,0,4,5,3,3.9489,110.608,0,0,3,3
5.543694712,-45.7919,14.1611109,-1.318545456,14.1611109,0.059907407,0.323060773,476.613,440.325,476.2562743,186,0.184020766,-0.511253508,0.511253508,0.184020766,0.885714286,1.428571429,1.942857143,16.49678037,9.635589964,2.535666755,-2.395258859,2.490684422,-2.461502225,6.247867909,-0.137752838,2.221415349,1139.603641,25.9134846,21.56640134,21.56640134,16.45693923,12.06856276,12.06856276,10.2286717,10.2286717,6.49587759,6.49587759,4.419375064,4.419375064,-3.34,32331897.68,26.26799883,10.50954885,5.501239286,207.7553933,14.94991774,28.78679843,47.08010805,78.5010737,11.99392615,5.57310453,24.53899211,11.56648989,73.32967608,0,87.44083248,21.77954468,14.32593732,78.89312757,81.87738099,83.83,11.51895686,19.80212916,53.66990087,11.99392615,22.28276508,0,24.26546827,0,4.736862954,6.295340608,28.20038286,20.81779476,3.055288599,-0.372696542,6.534691677,6.192581001,11.69328371,0.4,35,2,5,5,2,5,7,3,7.1269,137.8216,1,1,2,2
5.096367484,-67.4843,11.19102371,-0.423503169,11.19102371,0.089084283,0.560767441,400.471,372.247,400.1885886,156,0.178177932,-0.507386812,0.507386812,0.178177932,1.172413793,1.827586207,2.413793103,16.49757746,9.945510369,2.238810988,-2.24978193,2.420082308,-2.24645298,6.009524318,-0.110014628,2.386428881,869.119402,21.60408353,17.22915789,17.22915789,13.67987099,9.453730893,9.453730893,7.280427761,7.280427761,4.647995451,4.647995451,3.053718173,3.053718173,-2.99,1710452.031,22.30070369,9.474277723,5.744913806,170.6424896,24.79330809,28.57115186,18.22806032,57.4140197,18.23670052,12.71084835,29.58784528,11.54240982,39.21390566,13.71667951,59.22249522,40.42055745,15.95222176,38.31893621,48.09559224,96.22,5.601050811,20.11411937,34.35439681,30.58508123,0,31.40422493,18.22806032,0,9.473725908,10.90752459,11.19102371,31.70496864,0.689940631,-0.543538421,1.369393625,10.02764723,6.347928038,0.347826087,29,3,6,6,3,6,8,2,4.3745,112.3254,1,1,1,1
5.017186238,-64.169,12.81537543,-0.464575801,12.81537543,0.117123515,0.694201039,400.471,372.247,400.1885886,156,0.188758067,-0.511244368,0.511244368,0.188758067,1.206896552,1.896551724,2.517241379,16.50602053,9.868349637,2.368769162,-2.32836304,2.435730183,-2.270173277,6.070115021,-0.111869245,1.983139588,873.1340645,21.1814338,17.31994909,17.31994909,13.75235064,9.809743714,9.809743714,7.801189547,7.801189547,5.231527156,5.231527156,3.679465843,3.679465843,-2.73,2361465.866,20.99031421,8.330677053,4.479392096,170.645573,24.42364365,29.13097284,12.13273414,51.30904047,24.67682822,18.28395288,29.21818084,5.783244946,51.73869367,13.71667951,64.32864355,35.31403005,19.00512605,51.70109435,58.76519206,85.22,6.103966388,15.00759197,29.31379409,42.11306401,5.563451492,13.18581765,24.26546827,0,14.21058886,17.32242655,12.81537543,20.30622416,1.357354382,0.751866068,6.630568108,2.266683613,6.501617612,0.434782609,29,2,6,6,2,6,7,3,4.6281,108.2686,1,1,1,1
5.266834847,-72.1558,12.94355185,-0.489250756,12.94355185,0.013378422,0.476256586,386.444,360.236,386.1729386,150,0.199685951,-0.507966251,0.507966251,0.199685951,1.142857143,1.785714286,2.357142857,16.48728892,9.881146203,2.309044817,-2.245598602,2.315391483,-2.245542909,6.128059167,-0.11259168,2.343112106,853.5181014,20.89697675,16.5220511,16.5220511,13.17987099,8.866197268,8.866197268,7.054553181,7.054553181,4.656994822,4.656994822,2.67971668,2.67971668,-2.99,1096075.095,21.3116614,8.798925857,5.044013049,164.2775475,24.79330809,28.60011098,18.20875424,50.46132338,18.75892218,12.71084835,29.58784528,11.85926505,32.29016846,14.21959508,70.40466365,40.92347302,14.26826309,32.25256914,64.84121216,96.22,11.38429576,20.11411937,40.59403713,6.420821623,5.563451492,31.39457189,25.31855179,0,9.473725908,10.55076197,12.94355185,30.10222827,0.464280818,-0.715059624,6.381106827,5.120924077,3.783626296,0.318181818,28,3,6,6,3,6,7,2,4.3478,106.8714,2,2,1,1
5.134209281,-54.6955,12.92105375,-0.498804196,12.92105375,0.029314059,0.775016428,386.444,360.236,386.1729386,150,0.173928438,-0.507966607,0.507966607,0.173928438,1.178571429,1.857142857,2.464285714,16.49938438,9.900971653,2.341369243,-2.298239331,2.460338903,-2.247381297,6.030812667,0.01547009,2.029662851,869.5859831,20.47432702,16.61284231,16.61284231,13.25235064,9.222210089,9.222210089,7.56977299,7.56977299,5.248726132,5.248726132,3.316576212,3.316576212,-2.73,1513255.533,20.01587217,7.716024628,3.918475847,164.2227126,24.42364365,34.66546521,12.13273414,44.38530327,18.7396161,19.13166998,29.21818084,5.783244946,44.81495647,14.21959508,47.02218982,35.81694563,11.15768458,54.27797569,30.33183534,85.22,6.103966388,15.00759197,29.30414105,35.4675699,5.563451492,13.17616461,31.37526582,0,14.21058886,16.99509465,12.92105375,20.09630043,1.328206147,0.729312659,8.043292783,0.772771954,3.92713845,0.409090909,28,2,6,6,2,6,6,3,4.1705,104.4911,0,0,1,1
5.102922997,-41.6301,13.05660825,-1.27497798,13.05660825,0.141462585,0.318548148,393.51,372.342,393.0948227,140,0.246943491,-0.547855937,0.547855937,0.246943491,1.307692308,2,2.615384615,32.16770787,10.11559898,2.37301986,-2.395492435,2.298571673,-2.556755053,7.992247121,-0.310404311,2.320111972,701.3632553,19.10408353,14.33511629,15.96810945,12.54444252,8.085973313,10.39537439,5.706425218,7.856255133,4.038123197,6.083812489,2.888231344,4.547926773,-1.93,692882.696,20.38274219,9.680727461,4.42224712,160.8595412,19.36807396,6.041840829,12.15204021,12.13273414,28.70534242,24.24983052,19.49013895,41.68641544,18.62843806,23.01141443,48.83050171,56.68291018,16.13383077,22.224234,37.44264572,82.44,18.05298695,19.49013895,18.20478974,29.23864934,5.693927995,28.42367963,28.851874,13.15787137,0,1.713437028,37.39977037,11.65328862,1.165841833,0.341041637,1.77346073,4.140763414,7.41803703,0.388888889,26,0,6,7,0,8,11,2,1.1408,103.2455,0,0,3,3
3.811233458,-59.9754,10.86150172,-0.189171391,10.86150172,0.02212963,0.780945441,189.19,180.118,189.0557177,72,0.118110105,-0.872360596,0.872360596,0.118110105,1.285714286,2.142857143,2.785714286,16.3327994,10.0978951,2.024675088,-2.077955177,2.23036836,-1.914240976,5.395093205,-0.26796927,2.253255821,418.1026171,9.966255326,7.434918573,7.434918573,6.754020195,4.268039803,4.268039803,3.046658835,3.046658835,2.001546048,2.001546048,1.294022974,1.294022974,-1.9,2488.705224,8.687378358,3.456277281,1.712456747,81.23623621,14.63020573,11.50975925,12.13273414,18.19910121,11.98427311,6.263162996,14.63020573,0,6.420821623,0,47.91869725,5.106527395,6.420821623,11.32369891,41.01214928,56.43,0,10.21305479,11.49902367,11.98427311,5.760247419,12.13273414,18.39589713,0,4.417150937,5.13342191,0,20.3099985,0.694027778,0.595873961,7.856497229,2.076847285,0,0.090909091,14,1,3,3,1,3,2,2,1.6496,49.0668,0,0,0,0
4.108125941,-57.8694,10.20377107,-0.924840005,10.20377107,0.208017972,0.371247153,277.428,248.196,277.2173037,114,0.041383617,-0.550171861,0.550171861,0.041383617,0.8,1.35,2,16.36513165,10.09159372,1.901269568,-2.009200346,2.070781731,-2.208710485,5.634983138,-0.305341309,3.232912895,300.5400831,14.89105877,12.85166601,12.85166601,9.77005561,7.918398205,7.918398205,4.972316929,4.972316929,3.031724967,3.031724967,1.888409167,1.888409167,-1.31,22676.46375,18.69,15.74652911,16.69,123.8302137,9.901064579,0,62.64232271,44.94575136,5.969305288,0,9.901064579,5.969305288,71.13195343,0,36.45612064,5.969305288,4.794537184,71.13195343,36.45612064,40.13,5.969305288,9.901064579,6.420821623,0,44.94575136,12.84164325,0,43.37985784,0,0,10.20377107,10.20377107,0,-0.924840005,0,23.03880455,2.145159981,0.611111111,20,0,2,2,0,2,13,0,4.3258,84.271,0,0,1,1
1.952879013,-4.9183,9.836944444,-1.20287037,9.836944444,0.028518519,0.292838294,131.135,122.063,131.0694765,52,0.340720766,-0.546679092,0.546679092,0.340720766,1.888888889,2.333333333,2.444444444,16.36681703,10.57478543,2.036485534,-2.089328059,1.715117589,-2.567620753,5.767566077,-0.305376806,3.632432152,133.7744375,7.439157589,5.125517496,5.125517496,4.03658126,2.32620011,2.32620011,1.652936354,1.652936354,0.807043345,0.807043345,0.28493626,0.28493626,-1.26,60.47184355,7.74,2.907105656,3.33347181,52.57490859,9.901064579,6.544756406,0,0,0,13.01697727,15.31034818,11.92885986,0,13.59242839,0,30.42119798,4.794537184,0,0,94.98,5.969305288,9.901064579,12.50431097,0,0,11.94758171,0,0,11.14295108,0,11.01287037,14.85041667,5.013472222,-1.231388889,0,0,-0.275462963,0.5,9,4,5,2,2,5,2,0,-4.2581,28.7568,0,0,1,1
2.22265729,-52.1905,10.8574537,-0.25462963,10.8574537,0.25462963,0.491590963,137.122,132.082,137.0457872,50,0.317833962,-0.269451254,0.317833962,0.269451254,1.5,2.4,3.2,16.13846691,10.5519833,2.034424466,-1.756822896,1.885872974,-2.079282273,5.628421827,-0.346923776,3.09291205,400.9401974,6.974691495,5.010162424,5.010162424,4.877010098,2.801955237,2.801955237,1.890701723,1.890701723,1.287569536,1.287569536,0.827266837,0.827266837,-1.65,372.42214,5.159860162,1.662923452,0.539770508,55.14269412,0,0,0,0,0,0,4.983978521,11.16387794,0,0,23.00844423,14.95193556,0,0,17.44917733,75.68,0,4.794537184,5.559266895,11.16387794,0,6.327320075,6.327320075,19.93591408,0,0,22.68361111,0,0.886574074,0,0,2.929814815,0,0,10,3,5,2,2,5,0,2,-0.9347,33.2701,0,0,0,0
2.931814138,-13.4877,10.10423564,-1.051794218,10.10423564,0.549490741,0.399590127,147.198,132.078,147.1128041,60,0.124470815,-0.54389731,0.54389731,0.124470815,1.5,2.1,2.5,16.36753874,10.12383937,2.046262821,-2.06536434,1.93679661,-2.678211064,5.684584313,-0.438620096,3.214876897,105.9209386,7.983127663,6.136487537,6.136487537,4.680739213,3.513420006,3.513420006,2.365294325,2.365294325,1.385919191,1.385919191,0.685365033,0.685365033,-0.61,133.5093252,9.39,5.196604357,4.286691532,60.19949885,21.36839953,6.041840829,0,12.84164325,6.420821623,12.51406169,21.36839953,5.969305288,25.3043057,6.544756406,0,18.55590252,4.794537184,19.26246487,0,95.41,12.01114612,9.901064579,0,6.420821623,19.38639965,0,0,11.46733495,0,0,10.10423564,10.10423564,7.070821995,-1.051794218,-0.549490741,2.461111111,0.860880574,0.833333333,10,6,4,2,2,4,5,0,-3.241,33.2892,0,0,1,1
2.155895769,-2.9287,10.21760865,-1.139259259,10.21760865,0.335648148,0.497169568,155.157,146.085,155.0694765,60,0.130047019,-0.543887968,0.543887968,0.130047019,1.909090909,2.636363636,3.090909091,16.36755701,10.16952846,2.077838073,-2.058740867,1.928218792,-2.688352513,5.68948664,-0.436610374,2.498760777,231.9852515,8.267584714,5.909974546,5.909974546,5.198377303,3.210721445,3.210721445,2.296929227,2.296929227,1.354499318,1.354499318,0.745109417,0.745109417,-1.36,394.8903508,7.74373444,3.156503765,2.047487036,63.25068441,20.61871058,6.041840829,0,0,18.31159319,12.29662536,15.63473206,5.969305288,12.46266245,0,18.21809164,21.97910316,11.21535881,5.693927995,12.52416365,96.45,12.01114612,9.901064579,0,6.420821623,5.693927995,6.327320075,6.196843572,15.70162452,0,0,16.7361952,10.21760865,4.161111111,-1.139259259,-0.712546296,3.403557256,0,0.333333333,11,4,5,3,2,5,3,1,-2.6874,33.9748,0,0,1,1
2.840733669,-8.726,10.12601852,-1.051527778,10.12601852,0.12037037,0.50055993,131.175,118.071,131.0946287,54,0.127022893,-0.543889689,0.543889689,0.127022893,1.777777778,2.222222222,2.333333333,16.36764345,10.00655465,2.136357218,-2.14179634,2.011859282,-2.704432363,5.689237497,-0.446865091,3.716136771,103.2309827,7.439157589,5.885410682,5.885410682,4.091422815,3.13121039,3.13121039,2.311060841,2.311060841,1.633586705,1.633586705,0.516825605,0.516825605,-0.57,75.58143215,8.43,3.454517317,2.463571025,54.85960815,15.63473206,6.041840829,13.8474744,6.420821623,5.917906046,5.969305288,15.63473206,5.969305288,26.31013685,0,0,12.01114612,4.794537184,20.26829602,0,67.77,12.01114612,9.901064579,5.917906046,0,6.420821623,0,0,5.733667477,0,0,10.12601852,10.12601852,3.44625,-0.931157407,-0.560185185,0.835462963,3.790925926,0.833333333,9,3,3,2,1,3,3,0,-1.6071,31.1381,0,0,1,1
1.864867349,-24.7529,10.1663892,-1.140902778,10.1663892,0.107349773,0.19655459,174.204,160.092,174.1116757,70,0.185205051,-0.543897304,0.543897304,0.185205051,1.75,2.333333333,2.75,16.36754737,10.15532252,2.04902369,-2.084798812,1.887197666,-2.67871983,5.736666704,-0.438098719,3.311835207,170.9310205,9.560477932,6.799624244,6.799624244,5.53658126,3.655648531,3.655648531,2.498639374,2.498639374,1.378146307,1.378146307,0.689369974,0.689369974,-1.3,312.6461024,10.7,5.363379356,5.48222978,70.43471203,26.68518814,6.041840829,0,6.420821623,12.96557803,5.969305288,15.63473206,11.92885986,18.88348408,6.544756406,0,24.51545709,4.794537184,12.84164325,0,129.67,12.01114612,9.901064579,5.959554569,19.38639965,0,0,0,11.05045608,11.14295108,0,10.1663892,19.51311665,8.376470616,-1.248252551,-0.681705404,1.045972222,0.494675926,0.666666667,12,7,6,3,4,6,5,0,-3.38993,40.8339,0,0,1,1
4.173694499,-7.8316,8.850092593,-0.068888889,8.850092593,0.060185185,0.51312204,124.139,116.075,124.0524295,48,0.15715158,-0.504259895,0.504259895,0.15715158,1.111111111,1.777777778,2.222222222,16.30286602,10.20585547,1.942389389,-1.953556505,2.23372878,-1.701582018,5.392761481,0.403155146,3.17167803,218.1561776,6.853371151,5.126477999,5.126477999,4.198377303,2.685247467,2.685247467,1.992168659,1.992168659,1.130916162,1.130916162,0.633467667,0.633467667,-1.18,104.2009193,5.947877238,1.973221425,1.134079495,53.38481274,10.21305479,0,6.066367068,24.61992283,0,0,10.21305479,0,6.9237372,0,23.7625527,10.21305479,0,5.563451492,18.19910121,40.46,0,0,11.49902367,0,5.563451492,12.13273414,6.066367068,0,10.21305479,0,0,17.6437963,0.935462963,-0.129074074,4.703425926,0,1.846388889,0.142857143,9,2,2,2,2,2,0,1,1.40622,34.5086,0,0,0,0
4.339181937,-127.366,12.89260267,-1.771235463,12.89260267,0.045718968,0.18471661,610.565,576.293,610.1897704,236,0.228727824,-0.50690696,0.50690696,0.228727824,0.837209302,1.534883721,2.23255814,16.7306021,9.949220813,2.472153367,-2.42029908,2.432403344,-2.612606931,6.023320368,-0.31825415,1.303996578,1319.303868,31.16204327,23.08726467,23.08726467,20.38715691,13.50521921,13.50521921,10.62787112,10.62787112,7.702311237,7.702311237,5.202472917,5.202472917,-3.25,2630332649,31.18346939,12.39375991,6.083570666,244.5067412,69.27339688,71.64371809,6.066367068,24.61992283,12.13273414,26.24146752,74.06793407,5.783244946,80.86030977,13.71667951,41.45873833,121.7639282,14.21058886,35.36996538,30.33183534,234.29,85.65538969,45.64675634,34.98232045,5.563451492,6.066367068,32.23263595,6.066367068,0,28.42117772,33.13689164,12.89260267,82.24882852,0.373459863,-0.998558346,6.897092846,-15.908523,0.964214877,0.535714286,43,8,15,15,8,15,7,5,-1.1566,140.6989,6,6,1,1
5.145208306,-116.213,12.81173847,-1.781027602,12.81173847,0.080666242,0.173011614,596.538,564.282,596.1741203,230,0.228727824,-0.50690696,0.50690696,0.228727824,0.785714286,1.476190476,2.19047619,16.73052839,9.949354291,2.472075847,-2.420298073,2.431427434,-2.612606926,6.023303249,-0.318254152,1.304555537,1302.5317,30.45493649,22.12622997,22.12622997,19.8491521,13.11645358,13.11645358,10.44473662,10.44473662,7.498872862,7.498872862,5.035921611,5.035921611,-3.25,1554120849,30.21575015,11.79342986,5.703168044,237.8224876,69.64306132,71.64371809,6.066367068,24.61992283,12.13273414,19.13166998,74.43759851,5.783244946,80.86030977,6.606881965,41.45873833,119.760658,14.21058886,35.36996538,30.33183534,245.29,91.40490153,50.75328374,29.23280861,5.563451492,6.066367068,31.18920547,0,0,23.68431477,27.93778512,12.81173847,91.33722881,0.255188258,-1.957850659,6.255289714,-16.08818661,0.948806891,0.518518519,42,9,15,15,9,15,6,5,-1.4596,135.8117,6,6,1,1
4.222338331,-36.6984,10.27055882,-1.344376851,10.27055882,0.333097128,0.493534933,271.421,240.173,271.2278684,114,0.093322436,-0.547320714,0.547320714,0.093322436,0.842105263,1.210526316,1.578947368,16.39919999,10.04025955,2.028943385,-2.100183432,2.123432609,-2.347895456,5.688754188,-0.314770542,3.047259772,204.1707265,14.34708869,12.5334486,12.5334486,9.180739213,8.070477386,8.070477386,5.512595801,5.512595801,3.60319047,3.60319047,2.296528121,2.296528121,-0.57,12921.57165,18.43,13.85229857,13.65948939,117.9633723,15.00759197,0,83.97359667,6.420821623,0,12.07327168,15.00759197,5.969305288,96.49838469,0,0,17.17979907,4.794537184,90.3944183,0,60.36,12.07327168,9.901064579,0,6.420821623,19.26246487,57.78739461,0,6.9237372,5.106527395,0,10.27055882,19.29631325,0,-1.344376851,0,14.03546889,2.24203589,0.9375,19,1,3,3,1,3,14,0,3.1884,76.7088,1,1,1,1
3.944224257,-82.8179,10.87471115,-1.519172808,10.87471115,0.172990363,0.506502902,284.264,268.136,284.0896029,110,0.228756991,-0.461230984,0.461230984,0.228756991,1.15,1.85,2.5,16.70553512,9.992019518,2.443225467,-2.391687352,2.252040495,-2.596109371,5.785964897,-0.277083879,2.170578691,461.787823,14.69830613,10.49420873,10.49420873,9.57891736,6.09536465,6.09536465,4.470805016,4.470805016,3.137549391,3.137549391,1.975088284,1.975088284,-1.51,33824.80398,14.88993671,6.29334646,2.815092115,114.5457143,29.89983549,30.16537738,12.13273414,12.13273414,0,12.17033346,34.69437267,6.286160523,30.70589228,6.606881965,29.82891977,64.02504435,4.736862954,10.35798868,24.26546827,116.45,37.31277424,20.11411937,11.31296332,6.286160523,0,12.13273414,12.13273414,0,14.5802533,10.54052627,10.87471115,38.14454507,0.254129819,0.172990363,6.29934865,-6.244717629,-0.541533683,0.461538462,20,4,7,7,4,7,4,2,-1.3222,66.2247,4,4,1,1
4.826449543,-80.4554,12.94010064,-1.777286683,12.94010064,0.094115955,0.16772203,596.538,564.282,596.1741203,230,0.229138572,-0.511241031,0.511241031,0.229138572,0.880952381,1.619047619,2.30952381,16.75376298,9.934662564,2.508388068,-2.453428408,2.411184619,-2.636037134,6.087808163,-0.359661215,1.397352502,1290.072542,30.45493649,22.12622997,22.12622997,19.88715691,13.12150958,13.12150958,10.40661137,10.40661137,7.523734743,7.523734743,5.121274603,5.121274603,-3.25,1588567360,30.21575015,11.79342986,5.579525796,237.8804058,69.64306132,65.57836386,6.066367068,24.61992283,18.57286184,12.71084835,74.43759851,5.783244946,80.86030977,6.606881965,58.76519206,119.760658,28.47885195,25.0119767,53.20174056,245.29,85.65538969,50.75328374,35.0209326,5.563451492,6.076020107,31.19885851,0,0,23.68431477,28.40968801,12.94010064,91.52580413,0.253458348,-2.039799928,3.952154568,-14.21804677,0.676641009,0.518518519,42,9,15,15,9,15,6,5,-1.6099,135.1162,7,7,1,1
3.552841969,-11.9391,13.55830199,-1.674402401,13.55830199,0.029303069,0.163196313,576.51,552.318,576.1278734,218,0.157304621,-0.87207382,0.87207382,0.157304621,0.619047619,1.214285714,1.833333333,16.51293208,9.770994532,2.436385938,-2.426657848,2.560801772,-2.372272227,5.650651657,-0.27177728,1.553153073,1717.761679,30.03228676,21.50071248,21.50071248,19.9384685,12.77056044,12.77056044,10.28384079,10.28384079,7.641253246,7.641253246,5.676562664,5.676562664,-5.2,2068152100,26.9936311,9.716024239,4.242891537,236.9501041,60.53899986,35.20598011,23.6317578,58.65200838,23.96854623,6.103966388,60.53899986,0,36.75459322,0,82.41456107,53.06015193,6.420821623,45.94309628,54.59730362,226.42,76.32986626,51.06527395,45.73710275,0,30.33183534,24.26546827,0,0,9.473725908,11.98638472,0,109.7571575,-0.00148235,-6.183323091,10.29498716,-5.687057298,0,0.2,42,8,12,12,8,12,3,6,1.731,138.9474,2,2,0,0
5.333107789,-61.2524,12.60593195,-1.662184381,12.60593195,0.005693027,0.341471555,464.423,440.231,464.1318616,178,0.228727701,-0.511241031,0.511241031,0.228727701,1.090909091,1.848484848,2.515151515,16.70669704,9.934905227,2.450092139,-2.395602238,2.408426235,-2.586240202,6.087761726,-0.28998304,1.569759996,1025.168453,23.86107836,17.48958955,17.48958955,15.72678441,10.14038479,10.14038479,7.798270826,7.798270826,5.65143616,5.65143616,3.875886183,3.875886183,-3.09,21740920.78,23.08111749,9.04050363,4.283481376,187.5652799,49.58661618,53.37043108,6.066367068,17.69618563,18.57286184,13.71667951,54.38115337,5.783244946,43.23068029,13.71667951,58.76519206,80.8449811,19.00512605,18.0882395,53.20174056,175.37,49.19998558,35.43370155,40.77044443,5.563451492,6.076020107,25.31855179,6.066367068,0,18.94745182,21.71621845,12.60593195,59.81585134,0.475315077,-0.754494376,4.611462551,-5.913296503,-0.634791617,0.409090909,33,6,11,11,6,11,5,4,-0.1587,108.7818,5,5,1,1
3.820241451,-48.9585,11.98820986,-1.193494845,11.98820986,0.043688167,0.262025293,457.367,440.231,457.0776349,172,0.284422327,-0.869870216,0.869870216,0.284422327,0.96969697,1.636363636,2.272727273,16.61811144,9.930179867,2.364058431,-2.344697091,2.45155636,-2.329199646,6.063361439,-0.270023245,1.777966222,1208.223767,24.02421507,16.58939727,16.58939727,15.54462165,9.45106045,9.45106045,7.3760115,7.3760115,5.132483009,5.132483009,3.545470921,3.545470921,-4.67,17548920.07,21.55783026,7.786084613,3.868056261,184.7999296,50.32594507,29.10201372,11.8158789,23.78185877,24.11700725,5.57310453,55.12048225,5.783244946,18.6287544,0,70.58107096,47.6329031,15.95222176,17.23086937,59.45416797,200.2,52.70326818,45.64675634,40.36936464,0,30.35114142,6.066367068,0,0,9.473725908,11.34511737,11.49040462,81.10577313,-0.002663664,-6.656371826,4.300189766,-0.749116063,0,0.136363636,33,7,11,11,7,11,3,4,1.8801,107.0206,3,3,1,1
5.109690783,-42.3264,12.74287097,-0.573831971,12.74287097,0.036976752,0.687870162,388.372,368.212,388.1158176,148,0.23876,-0.506887029,0.506887029,0.23876,0.785714286,1.428571429,2,16.53682763,10.03895256,2.303304976,-2.178597527,2.477674176,-2.127716358,5.809858441,0.316533866,2.341321344,1037.390978,20.42192077,16.11435271,16.11435271,13.49746222,8.213225553,8.213225553,5.698646516,5.698646516,4.295442258,4.295442258,2.993237003,2.993237003,-3.55,1959494.757,19.21822195,7.59419112,2.922585468,160.6776258,33.2079931,17.07321074,0,18.19910121,11.62981856,35.54898771,33.2079931,0,0,35.54898771,34.48879585,40.6555151,0,0,33.47715639,96.59,5.428790392,9.901064579,40.08199366,17.06247516,0,41.61535477,18.19910121,0,28.10146571,32.26317751,12.74287097,10.55711223,-0.048032336,1.194138392,6.469457173,0,0,0.25,28,1,8,8,1,8,6,3,3.1602,101.4608,0,0,0,0
4.806332873,-12.9572,13.57616087,-1.326237245,13.57616087,0.151955782,0.445055568,399.551,364.271,399.2540832,160,0.179635957,-0.871610038,0.871610038,0.179635957,0.965517241,1.413793103,1.793103448,16.27656536,9.659296058,2.476746824,-2.393510243,2.460365879,-2.427714378,6.243409744,-0.29942604,3.858018891,796.8846665,22.51614338,19.10267989,19.10267989,13.34565344,10.18078535,10.18078535,8.918262247,8.918262247,5.104752573,5.104752573,3.224001814,3.224001814,-2.36,891128.3494,24.67753754,9.906771274,5.587603378,174.9555272,10.21305479,5.759164872,54.55401318,66.3779926,5.917906046,10.988095,19.80212916,11.56648989,74.65236247,0,57.61191271,16.67301729,9.589074368,74.65236247,57.61191271,77.43,28.65855128,19.80212916,36.1678388,0,16.71931359,0,13.8474744,0,0,0,26.42009889,24.3346101,1.528052406,-2.322121284,0,6.287560941,14.83513228,0.52,29,1,4,4,1,4,8,1,5.276,116.1098,1,1,2,2
2.206645525,-63.1276,9.279537037,-1.364953704,9.279537037,0.439675926,0.385501363,194.183,180.071,194.0790382,78,0.185802245,-0.393566515,0.393566515,0.185802245,1.153846154,1.769230769,2.230769231,16.69964111,9.993892879,2.429132115,-2.384598117,2.204775417,-2.584302254,4.880349821,-0.293910681,2.65939048,143.0617569,10.00807169,7.19920909,7.19920909,6.112590865,3.947761131,3.947761131,2.932978932,2.932978932,2.080757311,2.080757311,1.262220929,1.262220929,-0.24,791.423182,10.83836991,4.316641101,1.984330851,75.32709803,29.89983549,24.41586555,0,0,7.109797541,6.606881965,29.89983549,0,30.70589228,13.71667951,0,64.84868137,9.473725908,0,0,99.38,37.31277424,15.31958218,0,0,0,7.109797541,0,0,14.5802533,9.647222222,0,36.57377457,0,0,0,-5.913009259,-0.439675926,1,13,4,6,6,4,6,2,1,-2.5673,40.7762,4,4,0,0
3.583739042,-74.3347,10.2074543,-0.920664658,10.2074543,0.212791214,0.345529239,279.444,248.196,279.2329538,116,0.041383617,-0.550171861,0.550171861,0.041383617,0.8,1.35,1.95,16.36513192,10.09106508,1.902191452,-2.00930943,2.072895031,-2.208710475,5.63497705,-0.305341381,3.173765883,266.5917875,14.89105877,13.11117903,13.11117903,9.77005561,8.268568291,8.268568291,5.352743773,5.352743773,3.331534715,3.331534715,2.080764818,2.080764818,-1.05,22676.46375,18.95,16.00571031,16.95,124.5198168,9.901064579,0,63.33192574,44.94575136,5.969305288,0,9.901064579,5.969305288,83.97359667,0,24.30408043,5.969305288,4.794537184,83.97359667,24.30408043,40.13,5.969305288,9.901064579,6.420821623,0,32.10410811,38.52492974,0,31.22781763,0,0,10.2074543,10.2074543,0,-0.920664658,0,21.94045719,2.231965536,0.722222222,20,0,2,2,0,2,14,0,4.5498,84.365,0,0,1,1
5.117885475,-38.4529,11.4141,-1.67046609,11.4141,0.050666283,0.321666516,448.38,428.22,448.1005615,170,0.228727663,-0.506896829,0.506896829,0.228727663,0.9375,1.6875,2.375,16.70588209,9.991337242,2.444871034,-2.391547913,2.424717205,-2.595715366,6.038567292,-0.277075879,1.645161441,1065.749361,23.15397158,16.32144807,16.32144807,15.1887796,9.496914494,9.496914494,7.309057749,7.309057749,5.142881465,5.142881465,3.438189151,3.438189151,-3.35,12801967.6,21.8659056,8.297053169,3.831213465,180.1914233,49.95628063,58.74618229,0,18.22806032,23.78185877,6.606881965,54.75081781,11.54240982,30.70589228,6.606881965,59.09170033,78.84171096,9.531400138,5.563451492,53.52824884,186.37,54.6046959,40.54022895,34.15390943,0,18.21840728,18.21840728,0,0,14.21058886,16.462219,11.4141,69.54577999,0.220939289,-1.971959364,2.373306108,-2.734204429,-0.643513934,0.285714286,32,7,11,11,7,11,3,4,-0.3029,105.6206,6,6,1,1
4.854011581,-68.1246,12.81621378,-1.780350689,12.81621378,0.05165385,0.159015734,608.549,576.293,608.1741203,234,0.228727829,-0.506893135,0.506893135,0.228727829,0.790697674,1.488372093,2.186046512,16.7304156,9.984286675,2.469983196,-2.419742693,2.354006118,-2.612584192,5.857738052,-0.318246238,1.361811921,1507.492076,31.16204327,22.88015789,22.88015789,20.38715691,13.25051455,13.25051455,10.32432055,10.32432055,7.400633864,7.400633864,4.92353625,4.92353625,-3.51,2630332649,30.93172501,12.23675109,5.991093244,242.7906821,68.95368486,70.95628016,0,25.12283841,23.7625527,19.82064589,68.95368486,10.96924436,68.33552176,13.71667951,46.62152999,115.9806832,14.21058886,6.9237372,45.60989053,238.2,79.19696875,45.64675634,33.97802727,5.563451492,12.13273414,32.23263595,6.066367068,0,28.10146571,32.93694444,12.81621378,81.98623468,-0.38069525,-0.605297517,7.782125351,-15.03488257,0.953314705,0.464285714,43,8,15,15,8,15,7,5,-1.0897,143.4184,6,6,0,0
3.984053756,-31.1674,10.21891321,-0.95989977,10.21891321,0.162652325,0.393820066,295.443,264.195,295.2278684,122,0.072348869,-0.550171861,0.550171861,0.072348869,1.047619048,1.761904762,2.476190476,16.36518706,10.0659685,1.979525004,-2.051088432,2.089985538,-2.208776229,5.634983478,-0.305342204,3.401675946,294.8385641,15.76130226,13.42863612,13.42863612,10.16390246,8.376937266,8.376937266,5.554632646,5.554632646,3.435589346,3.435589346,2.1287575,2.1287575,-1.09,33104.33213,19.91,15.30171753,16.85728279,129.3140505,15.00759197,0,69.75274736,32.10410811,5.969305288,6.103966388,15.00759197,5.969305288,83.65674144,0,24.30408043,17.17979907,4.794537184,77.55277505,24.30408043,60.36,5.969305288,15.00759197,12.52478801,6.420821623,38.52492974,19.26246487,0,12.99975731,0,0,10.21891321,19.97765727,0,-0.95989977,0,18.06556744,2.197761851,0.722222222,21,1,3,3,1,3,14,0,3.5206,85.7548,1,1,1,1
3.541350066,-33.8973,10.21182788,-0.94296096,10.21182788,0.185793625,0.393820066,295.443,264.195,295.2278684,122,0.072348867,-0.550171861,0.550171861,0.072348867,1.047619048,1.761904762,2.476190476,16.3651869,10.08966872,1.961015276,-2.026709652,2.074657111,-2.208710425,5.634983794,-0.305342598,3.366936164,294.8385641,15.76130226,13.42863612,13.42863612,10.16390246,8.376937266,8.376937266,5.554632646,5.554632646,3.435589346,3.435589346,2.1287575,2.1287575,-1.09,33032.6168,19.91,15.30171753,16.85728279,129.3140505,15.00759197,0,69.75274736,32.10410811,5.969305288,6.103966388,15.00759197,5.969305288,83.65674144,0,24.30408043,17.17979907,4.794537184,77.55277505,24.30408043,60.36,5.969305288,15.00759197,12.52478801,0,51.36657298,12.84164325,0,12.99975731,0,0,10.21182788,19.88292481,0,-0.94296096,0,18.18716937,2.161038902,0.722222222,21,1,3,3,1,3,14,0,3.5206,85.7548,1,1,1,1
4.685953617,-113.615,13.67077986,-1.944001875,13.67077986,0.015060057,0.146635275,624.548,592.292,624.1690349,240,0.238632695,-0.507678166,0.507678166,0.238632695,0.795454545,1.477272727,2.181818182,16.73170064,9.98361895,2.474883343,-2.419537702,2.394405165,-2.61394172,5.880104804,-0.318293929,1.489695245,1556.869918,32.03228676,23.25002121,23.25002121,20.81467726,13.39677108,13.39677108,10.46135051,10.46135051,7.495228191,7.495228191,4.992724728,4.992724728,-3.71,3937681675,31.70662122,12.35203564,5.74258933,247.5849159,74.06021226,65.19603274,0,25.12283841,17.69618563,19.82064589,74.06021226,10.96924436,68.33552176,13.71667951,40.55516292,121.0872106,14.21058886,6.9237372,39.54352346,258.43,96.08221663,50.75328374,28.40574272,0,12.13273414,32.23263595,0,0,28.10146571,33.19400558,13.67077986,92.05997116,-1.11377507,-2.278222546,5.833929419,-15.99463145,0.845333108,0.464285714,44,9,16,16,9,16,7,5,-1.3841,145.0832,6,6,0,0
3.535427,-90.94,11.43444537,-0.950035387,11.43444537,0.17756165,0.278433887,293.427,264.195,293.2122184,120,0.155187899,-0.550171861,0.550171861,0.155187899,0.857142857,1.523809524,2.238095238,16.36515282,10.09151791,1.940150228,-2.008625864,2.070028842,-2.208710448,5.892662781,-0.305347257,3.388591298,329.3551402,15.76130226,13.31232054,13.31232054,10.16390246,8.223509423,8.223509423,5.389139286,5.389139286,3.30773281,3.30773281,2.032093653,2.032093653,-1.38,33032.6168,19.62,15.01735609,16.56646729,128.6813389,9.901064579,0,57.25590563,38.18012822,12.39012691,0,14.69560176,11.75255023,77.55277505,0,24.30408043,11.75255023,9.589074368,77.55277505,24.30408043,57.2,5.969305288,14.69560176,12.20406657,6.420821623,57.78739461,0,6.076020107,12.99975731,0,0,21.64012813,10.20568276,0,-0.740757346,0,17.59690831,2.131371479,0.666666667,21,0,3,3,0,3,14,0,3.7288,84.755,0,0,2,2
4.746904414,-13.5107,10.29398242,-1.354048671,10.29398242,0.315678442,0.369796233,297.459,264.195,297.2435185,124,0.093322436,-0.547320714,0.547320714,0.093322436,0.904761905,1.380952381,1.904761905,16.39920331,10.07011323,2.02654136,-2.097802598,2.094255592,-2.347892201,5.688766818,-0.314770827,3.167768644,261.1890535,15.76130226,13.68814914,13.68814914,10.18073921,8.720307301,8.720307301,5.85424381,5.85424381,3.76143876,3.76143876,2.349500995,2.349500995,-0.83,34902.25823,20.17,15.55679651,15.37865936,130.0036535,15.00759197,0,70.4423504,32.10410811,0,12.07327168,15.00759197,5.969305288,96.49838469,0,12.15204021,17.17979907,4.794537184,90.3944183,12.15204021,60.36,12.07327168,9.901064579,0,6.420821623,32.10410811,44.94575136,0,19.07577741,5.106527395,0,10.29398242,19.33843374,0,-1.354048671,0,17.97734298,2.244289529,0.833333333,21,1,3,3,1,3,15,0,3.7446,85.8488,1,1,1,1
4.873316737,-68.3278,12.88714137,-1.77098477,12.88714137,0.041035448,0.159015734,608.549,576.293,608.1741203,234,0.229138534,-0.506893135,0.506893135,0.229138534,0.837209302,1.581395349,2.255813953,16.75332219,9.973137632,2.504934742,-2.451677354,2.361359924,-2.642016423,5.857753307,-0.354191977,1.480412645,1507.492076,31.16204327,22.88015789,22.88015789,20.42516171,13.25557056,13.25557056,10.2836673,10.2836673,7.423166142,7.423166142,5.007840415,5.007840415,-3.51,2688591341,30.93172501,12.23675109,5.86361326,242.7906821,68.95368486,64.85231377,0,25.12283841,23.7625527,19.82064589,68.95368486,10.96924436,68.33552176,13.71667951,46.62152999,115.9806832,14.21058886,6.9237372,45.60989053,238.2,79.19696875,45.64675634,33.97802727,5.563451492,12.13273414,32.23263595,6.066367068,0,28.10146571,33.45573239,12.88714137,82.1724696,-0.413952389,-0.652762335,7.767881387,-15.44745977,0.687449692,0.464285714,43,8,15,15,8,15,7,5,-1.0897,143.4184,6,6,0,0
4.366885184,-52.5686,10.23142149,-1.131727507,10.23142149,0.129529851,0.313411791,329.457,296.193,329.2333477,136,0.109255502,-0.550171861,0.550171861,0.109255502,1,1.652173913,2.304347826,16.36706506,10.01015855,2.213677875,-2.202804224,2.114538393,-2.356540382,5.634983867,-0.305344482,3.661370716,316.5338057,17.50178923,14.32306331,14.32306331,10.98526967,8.893335046,8.893335046,6.15091744,6.15091744,3.932530824,3.932530824,2.413189641,2.413189641,-0.91,76066.50602,22.09,14.66772819,13.24386779,139.592121,25.22064676,12.20793278,57.60070715,32.10410811,5.969305288,6.103966388,25.22064676,5.969305288,95.86467422,0,12.15204021,39.60078664,4.794537184,77.55277505,12.15204021,100.82,24.28120445,25.22064676,6.420821623,12.84164325,51.36657298,0,6.076020107,6.9237372,0,0,10.23142149,39.6551128,0,-0.988555307,0,9.195509393,2.073178294,0.833333333,23,3,5,5,3,5,15,0,1.6862,88.6284,3,3,1,1
3.990838036,-35.0518,9.248116024,-0.103523243,9.248116024,0.102725813,0.71408453,190.198,180.118,190.0629942,72,0.157176107,-0.504259891,0.504259891,0.157176107,1.071428571,1.928571429,2.571428571,16.33280666,10.10682609,2.023438851,-2.006506137,2.254346565,-1.842945714,5.408596143,0.402774314,2.218763,418.1026171,9.966255326,7.473883878,7.473883878,6.754020195,4.287522455,4.287522455,3.079206868,3.079206868,1.998281206,1.998281206,1.293321726,1.293321726,-1.9,2531.620572,8.687378358,3.456277281,1.712456747,81.23623621,14.63020573,5.760247419,6.066367068,29.82891977,6.420821623,6.263162996,14.63020573,0,6.420821623,0,47.91869725,10.21305479,6.420821623,11.32369891,41.01214928,53.6,0,5.106527395,11.49902367,6.420821623,11.32369891,12.13273414,12.32953006,0,9.523678332,5.163396873,0,18.34447192,0.89837963,0.622537793,8.419187295,2.218693153,0,0.090909091,14,2,3,3,2,3,2,2,2.2816,51.2856,0,0,0,0
